2140209,4230.1245,N,7153.1143,W,-2,0
2141290,4230.1245,N,7153.1143,W,-2,0
2142366,4230.1245,N,7153.1143,W,-2,0
2143441,4230.1245,N,7153.1143,W,-2,0
2144316,4230.1245,N,7153.1143,W,-2,0
2145191,4230.1245,N,7153.1143,W,-2,0
2146065,4230.1245,N,7153.1143,W,-2,0
2146940,4230.1245,N,7153.1143,W,-2,0
2147814,4230.1245,N,7153.1143,W,-2,0
2148688,4230.1245,N,7153.1143,W,-2,0
2149563,4230.1245,N,7153.1143,W,-2,0
2150438,4230.1245,N,7153.1143,W,-2,0
2151313,4230.1245,N,7153.1143,W,-2,0
2152187,4230.1245,N,7153.1143,W,-2,0
2153065,4230.1245,N,7153.1143,W,-2,0
2153939,4230.1245,N,7153.1143,W,-2,0
2154814,4230.1245,N,7153.1143,W,-2,0
2155688,4230.1245,N,7153.1143,W,-2,0
2156563,4230.1245,N,7153.1143,W,-2,0
2157438,4230.1245,N,7153.1143,W,-2,0
2158313,4230.1245,N,7153.1143,W,-2,0
2159188,4230.1245,N,7153.1143,W,-2,0
2160062,4230.1245,N,7153.1143,W,-2,0
2160937,4230.1245,N,7153.1143,W,-2,0
2161811,4230.1245,N,7153.1143,W,-2,0
2162686,4230.1245,N,7153.1143,W,-2,0
2163560,4230.1245,N,7153.1143,W,-2,0
2164438,4230.1245,N,7153.1143,W,-2,0
2165313,4230.1245,N,7153.1143,W,-2,0
2166188,4230.1245,N,7153.1143,W,-2,0
2167063,4230.1245,N,7153.1143,W,-2,0
2167937,4230.1245,N,7153.1143,W,-2,0
2168812,4230.1245,N,7153.1143,W,-2,0
2169687,4230.1245,N,7153.1143,W,-2,0
2170561,4230.1245,N,7153.1143,W,-2,0
2171436,4230.1245,N,7153.1143,W,-2,0
2172311,4230.1245,N,7153.1143,W,-2,0
2173186,4230.1245,N,7153.1143,W,-2,0
2174061,4230.1245,N,7153.1143,W,-2,0
2174935,4230.1245,N,7153.1143,W,-2,0
2175810,4230.1245,N,7153.1143,W,-2,0
2176687,4230.1245,N,7153.1143,W,-2,0
2177561,4230.1245,N,7153.1143,W,-2,0
2178436,4230.1245,N,7153.1143,W,-2,0
2179311,4230.1245,N,7153.1143,W,-2,0
2180186,4230.1245,N,7153.1143,W,-2,0
2181061,4230.1245,N,7153.1143,W,-2,0
2181935,4230.1245,N,7153.1143,W,-2,0
2182810,4230.1245,N,7153.1143,W,-2,0
2183684,4230.1245,N,7153.1143,W,-2,0
2184558,4230.1245,N,7153.1143,W,-2,0
2185433,4230.1245,N,7153.1143,W,-2,0
2186308,4230.1245,N,7153.1143,W,-2,0
2187183,4230.1245,N,7153.1143,W,-2,0
2188061,4230.1245,N,7153.1143,W,-2,0
2188935,4230.1245,N,7153.1143,W,-2,0
2189810,4230.1245,N,7153.1143,W,-2,0
2190684,4230.1245,N,7153.1143,W,-2,0
2191558,4230.1245,N,7153.1143,W,-2,0
2192433,4230.1245,N,7153.1143,W,-2,0
2193308,4230.1245,N,7153.1143,W,-2,0
2194183,4230.1245,N,7153.1143,W,-2,0
2195058,4230.1245,N,7153.1143,W,-2,0
2195933,4230.1245,N,7153.1143,W,-2,0
2196807,4230.1245,N,7153.1143,W,-2,0
2197682,4230.1245,N,7153.1143,W,-2,0
2198556,4230.1245,N,7153.1143,W,-2,0
2199431,4230.1245,N,7153.1143,W,-2,0
2200309,4230.1245,N,7153.1143,W,-2,0
2201184,4230.1245,N,7153.1143,W,-2,0
2202059,4230.1245,N,7153.1143,W,-2,0
2202933,4230.1245,N,7153.1143,W,-2,0
2203807,4230.1245,N,7153.1143,W,-2,0
2204682,4230.1245,N,7153.1143,W,-2,0
2205556,4230.1245,N,7153.1143,W,-2,0
2206431,4230.1245,N,7153.1143,W,-2,0
2207306,4230.1245,N,7153.1143,W,-2,0
2208181,4230.1245,N,7153.1143,W,-2,0
2209056,4230.1245,N,7153.1143,W,-2,0
2209930,4230.1245,N,7153.1143,W,-2,0
2210805,4230.1245,N,7153.1143,W,-2,0
2211682,4230.1245,N,7153.1143,W,-2,0
2212556,4230.1245,N,7153.1143,W,-2,0
2213431,4230.1245,N,7153.1143,W,-2,0
2214306,4230.1245,N,7153.1143,W,-2,0
2215182,4230.1245,N,7153.1143,W,-2,0
2216056,4230.1245,N,7153.1143,W,-2,0
2216931,4230.1245,N,7153.1143,W,-2,0
2217805,4230.1245,N,7153.1143,W,-2,0
2218680,4230.1245,N,7153.1143,W,-2,0
2219555,4230.1245,N,7153.1143,W,-2,0
2220430,4230.1245,N,7153.1143,W,-2,0
2221305,4230.1245,N,7153.1143,W,-2,0
2222181,4230.1245,N,7153.1143,W,-2,0
2223055,4230.1245,N,7153.1143,W,-2,0
2223932,4230.1245,N,7153.1143,W,-2,0
2224807,4230.1245,N,7153.1143,W,-2,0
2225681,4230.1245,N,7153.1143,W,-2,0
2226556,4230.1245,N,7153.1143,W,-2,0
2227431,4230.1245,N,7153.1143,W,-2,0
2228305,4230.1245,N,7153.1143,W,-2,0
2229181,4230.1245,N,7153.1143,W,-2,0
2230055,4230.1245,N,7153.1143,W,-2,0
2230929,4230.1245,N,7153.1143,W,-2,0
2231804,4230.1245,N,7153.1143,W,-2,0
2232678,4230.1245,N,7153.1143,W,-2,0
2233553,4230.1245,N,7153.1143,W,-2,0
2234428,4230.1245,N,7153.1143,W,-2,0
2235305,4230.1245,N,7153.1143,W,-2,0
2236180,4230.1245,N,7153.1143,W,-2,0
2237055,4230.1245,N,7153.1143,W,-2,0
2237929,4230.1245,N,7153.1143,W,-2,0
2238804,4230.1245,N,7153.1143,W,-2,0
2239678,4230.1245,N,7153.1143,W,-2,0
2240553,4230.1245,N,7153.1143,W,-2,0
2241428,4230.1245,N,7153.1143,W,-2,0
2242303,4230.1245,N,7153.1143,W,-2,0
2243178,4230.1245,N,7153.1143,W,-2,0
2244053,4230.1245,N,7153.1143,W,-2,0
2244927,4230.1245,N,7153.1143,W,-2,0
2245802,4230.1245,N,7153.1143,W,-2,0
2246676,4230.1245,N,7153.1143,W,-2,0
2247554,4230.1245,N,7153.1143,W,-2,0
2248429,4230.1245,N,7153.1143,W,-2,0
2249304,4230.1245,N,7153.1143,W,-2,0
2250179,4230.1245,N,7153.1143,W,-2,0
2251054,4230.1245,N,7153.1143,W,-2,0
2251929,4230.1245,N,7153.1143,W,-2,0
2252803,4230.1245,N,7153.1143,W,-2,0
2253678,4230.1245,N,7153.1143,W,-2,0
2254552,4230.1245,N,7153.1143,W,-2,0
2255427,4230.1245,N,7153.1143,W,-2,0
2256303,4230.1245,N,7153.1143,W,-2,0
2257178,4230.1245,N,7153.1143,W,-2,0
2258052,4230.1245,N,7153.1143,W,-2,0
2258930,4230.1245,N,7153.1143,W,-2,0
2259805,4230.1245,N,7153.1143,W,-2,0
2260679,4230.1245,N,7153.1143,W,-2,0
2261554,4230.1245,N,7153.1143,W,-2,0
2262429,4230.1245,N,7153.1143,W,-2,0
2263304,4230.1245,N,7153.1143,W,-2,0
2264180,4230.1245,N,7153.1143,W,-2,0
2265054,4230.1245,N,7153.1143,W,-2,0
2265929,4230.1245,N,7153.1143,W,-2,0
2266803,4230.1245,N,7153.1143,W,-2,0
2267678,4230.1245,N,7153.1143,W,-2,0
2268552,4230.1245,N,7153.1143,W,-2,0
2269428,4230.1245,N,7153.1143,W,-2,0
2270303,4230.1245,N,7153.1143,W,-2,0
2271181,4230.1245,N,7153.1143,W,-2,0
2272056,4230.1245,N,7153.1143,W,-2,0
2272930,4230.1245,N,7153.1143,W,-2,0
2273806,4230.1245,N,7153.1143,W,-2,0
2274680,4230.1245,N,7153.1143,W,-2,0
2275555,4230.1245,N,7153.1143,W,-2,0
2276430,4230.1245,N,7153.1143,W,-2,0
2277305,4230.1245,N,7153.1143,W,-2,0
2278180,4230.1245,N,7153.1143,W,-2,0
2279055,4230.1245,N,7153.1143,W,-2,0
2279929,4230.1245,N,7153.1143,W,-2,0
2280804,4230.1245,N,7153.1143,W,-2,0
2281678,4230.1245,N,7153.1143,W,-2,0
2282556,4230.1245,N,7153.1143,W,-2,0
2283431,4230.1245,N,7153.1143,W,-2,0
2284306,4230.1245,N,7153.1143,W,-2,0
2285181,4230.1245,N,7153.1143,W,-2,0
2286056,4230.1245,N,7153.1143,W,-2,0
2286931,4230.1245,N,7153.1143,W,-2,0
2287805,4230.1245,N,7153.1143,W,-2,0
2288680,4230.1245,N,7153.1143,W,-2,0
2289555,4230.1245,N,7153.1143,W,-2,0
2290430,4230.1245,N,7153.1143,W,-2,0
2291305,4230.1245,N,7153.1143,W,-2,0
2292180,4230.1245,N,7153.1143,W,-2,0
2293055,4230.1245,N,7153.1143,W,-2,0
2293930,4230.1245,N,7153.1143,W,-2,0
2294807,4230.1245,N,7153.1143,W,-2,0
2295682,4230.1245,N,7153.1143,W,-2,0
2296556,4230.1245,N,7153.1143,W,-2,0
2297432,4230.1245,N,7153.1143,W,-2,0
2298307,4230.1245,N,7153.1143,W,-2,0
2299182,4230.1245,N,7153.1143,W,-2,0
2300057,4230.1245,N,7153.1143,W,-2,0
2300932,4230.1245,N,7153.1143,W,-2,0
2301806,4230.1245,N,7153.1143,W,-2,0
2302681,4230.1245,N,7153.1143,W,-2,0
2303556,4230.1245,N,7153.1143,W,-2,0
2304431,4230.1245,N,7153.1143,W,-2,0
2305306,4230.1245,N,7153.1143,W,-2,0
2306184,4230.1245,N,7153.1143,W,-2,0
2307059,4230.1245,N,7153.1143,W,-2,0
2307934,4230.1245,N,7153.1143,W,-2,0
2308808,4230.1245,N,7153.1143,W,-2,0
2309683,4230.1245,N,7153.1143,W,-2,0
2310557,4230.1245,N,7153.1143,W,-2,0
2311433,4230.1245,N,7153.1143,W,-2,0
2312308,4230.1245,N,7153.1143,W,-2,0
2313183,4230.1245,N,7153.1143,W,-2,0
2314058,4230.1245,N,7153.1143,W,-2,0
2314933,4230.1245,N,7153.1143,W,-2,0
2315807,4230.1245,N,7153.1143,W,-2,0
2316682,4230.1245,N,7153.1143,W,-2,0
2317557,4230.1245,N,7153.1143,W,-2,0
2318435,4230.1245,N,7153.1143,W,-2,0
2319310,4230.1245,N,7153.1143,W,-2,0
2320185,4230.1245,N,7153.1143,W,-2,0
2321059,4230.1245,N,7153.1143,W,-2,0
2321934,4230.1245,N,7153.1143,W,-2,0
2322809,4230.1245,N,7153.1143,W,-2,0
2323683,4230.1245,N,7153.1143,W,-2,0
2324558,4230.1245,N,7153.1143,W,-2,0
2325433,4230.1245,N,7153.1143,W,-2,0
2326309,4230.1245,N,7153.1143,W,-2,0
2327184,4230.1245,N,7153.1143,W,-2,0
2328059,4230.1245,N,7153.1143,W,-2,0
2328933,4230.1245,N,7153.1143,W,-2,0
2329811,4230.1245,N,7153.1143,W,-2,0
2330686,4230.1245,N,7153.1143,W,-2,0
2331560,4230.1245,N,7153.1143,W,-2,0
2332435,4230.1245,N,7153.1143,W,-2,0
2333310,4230.1245,N,7153.1143,W,-2,0
2334186,4230.1245,N,7153.1143,W,-2,0
2335060,4230.1245,N,7153.1143,W,-2,0
2335935,4230.1245,N,7153.1143,W,-2,0
2336809,4230.1245,N,7153.1143,W,-2,0
2337684,4230.1245,N,7153.1143,W,-2,0
2338559,4230.1245,N,7153.1143,W,-2,0
2339434,4230.1245,N,7153.1143,W,-2,0
2340309,4230.1245,N,7153.1143,W,-2,0
2341184,4230.1245,N,7153.1143,W,-2,0
2342062,4230.1245,N,7153.1143,W,-2,0
2342937,4230.1245,N,7153.1143,W,-2,0
2343812,4230.1245,N,7153.1143,W,-2,0
2344686,4230.1245,N,7153.1143,W,-2,0
2345561,4230.1245,N,7153.1143,W,-2,0
2346437,4230.1245,N,7153.1143,W,-2,0
2347312,4230.1245,N,7153.1143,W,-2,0
2348187,4230.1245,N,7153.1143,W,-2,0
2349062,4230.1245,N,7153.1143,W,-2,0
2349937,4230.1245,N,7153.1143,W,-2,0
2350811,4230.1245,N,7153.1143,W,-2,0
2351686,4230.1245,N,7153.1143,W,-2,0
2352561,4230.1245,N,7153.1143,W,-2,0
2353440,4230.1245,N,7153.1143,W,-2,0
2354316,4230.1245,N,7153.1143,W,-2,0
2355191,4230.1245,N,7153.1143,W,-2,0
2356066,4230.1245,N,7153.1143,W,-2,0
2356941,4230.1245,N,7153.1143,W,-2,0
2357816,4230.1245,N,7153.1143,W,-2,0
2358690,4230.1245,N,7153.1143,W,-2,0
2359565,4230.1245,N,7153.1143,W,-2,0
2360441,4230.1245,N,7153.1143,W,-2,0
2361316,4230.1245,N,7153.1143,W,-2,0
2362191,4230.1245,N,7153.1143,W,-2,0
2363066,4230.1245,N,7153.1143,W,-2,0
2363941,4230.1245,N,7153.1143,W,-2,0
2364816,4230.1245,N,7153.1143,W,-2,0
2365689,4230.1245,N,7153.1143,W,-2,0
2366563,4230.1245,N,7153.1143,W,-2,0
2367439,4230.1245,N,7153.1143,W,-2,0
2368314,4230.1245,N,7153.1143,W,-2,0
2369190,4230.1245,N,7153.1143,W,-2,0
2370065,4230.1245,N,7153.1143,W,-2,0
2370939,4230.1245,N,7153.1143,W,-2,0
2371814,4230.1245,N,7153.1143,W,-2,0
2372689,4230.1245,N,7153.1143,W,-2,0
2373564,4230.1245,N,7153.1143,W,-2,0
2374439,4230.1245,N,7153.1143,W,-2,0
2375314,4230.1245,N,7153.1143,W,-2,0
2376190,4230.1245,N,7153.1143,W,-2,0
2377068,4230.1245,N,7153.1143,W,-2,0
2377942,4230.1245,N,7153.1143,W,-2,0
2378817,4230.1245,N,7153.1143,W,-2,0
2379692,4230.1245,N,7153.1143,W,-2,0
2380567,4230.1245,N,7153.1143,W,-2,0
2381442,4230.1245,N,7153.1143,W,-2,0
2382317,4230.1245,N,7153.1143,W,-2,0
2383192,4230.1245,N,7153.1143,W,-2,0
2384067,4230.1245,N,7153.1143,W,-2,0
2384942,4230.1245,N,7153.1143,W,-2,0
2385816,4230.1245,N,7153.1143,W,-2,0
2386691,4230.1245,N,7153.1143,W,-2,0
2387565,4230.1245,N,7153.1143,W,-2,0
2388444,4230.1245,N,7153.1143,W,-2,0
2389319,4230.1245,N,7153.1143,W,-2,0
2390194,4230.1245,N,7153.1143,W,-2,0
2391069,4230.1245,N,7153.1143,W,-2,0
2391943,4230.1245,N,7153.1143,W,-2,0
2392818,4230.1245,N,7153.1143,W,-2,0
2393693,4230.1245,N,7153.1143,W,-2,0
2394567,4230.1245,N,7153.1143,W,-2,0
2395443,4230.1245,N,7153.1143,W,-2,0
2396318,4230.1245,N,7153.1143,W,-2,0
2397193,4230.1245,N,7153.1143,W,-2,0
2398068,4230.1245,N,7153.1143,W,-2,0
2398943,4230.1245,N,7153.1143,W,-2,0
2399817,4230.1245,N,7153.1143,W,-2,0
2400695,4230.1245,N,7153.1143,W,-2,0
2401569,4230.1245,N,7153.1143,W,-2,0
2402445,4230.1245,N,7153.1143,W,-2,0
2403320,4230.1245,N,7153.1143,W,-2,0
2404195,4230.1245,N,7153.1143,W,-2,0
2405070,4230.1245,N,7153.1143,W,-2,0
2405945,4230.1245,N,7153.1143,W,-2,0
2406819,4230.1245,N,7153.1143,W,-2,0
2407694,4230.1245,N,7153.1143,W,-2,0
2408569,4230.1245,N,7153.1143,W,-2,0
2409444,4230.1245,N,7153.1143,W,-2,0
2410319,4230.1245,N,7153.1143,W,-2,0
2411195,4230.1245,N,7153.1143,W,-2,0
2412072,4230.1245,N,7153.1143,W,-2,0
2412946,4230.1245,N,7153.1143,W,-2,0
2413821,4230.1245,N,7153.1143,W,-2,0
2414696,4230.1245,N,7153.1143,W,-2,0
2415570,4230.1245,N,7153.1143,W,-2,0
2416445,4230.1245,N,7153.1143,W,-2,0
2417320,4230.1245,N,7153.1143,W,-2,0
2418195,4230.1245,N,7153.1143,W,-2,0
2419070,4230.1245,N,7153.1143,W,-2,0
2419945,4230.1245,N,7153.1143,W,-2,0
2420819,4230.1245,N,7153.1143,W,-2,0
2421694,4230.1245,N,7153.1143,W,-2,0
2422568,4230.1245,N,7153.1143,W,-2,0
2423443,4230.1245,N,7153.1143,W,-2,0
2424321,4230.1245,N,7153.1143,W,-2,0
2425196,4230.1245,N,7153.1143,W,-2,0
2426071,4230.1245,N,7153.1143,W,-2,0
2426945,4230.1245,N,7153.1143,W,-2,0
2427820,4230.1245,N,7153.1143,W,-2,0
2428694,4230.1245,N,7153.1143,W,-2,0
2429569,4230.1245,N,7153.1143,W,-2,0
2430444,4230.1245,N,7153.1143,W,-2,0
2431319,4230.1245,N,7153.1143,W,-2,0
2432195,4230.1245,N,7153.1143,W,-2,0
2433069,4230.1245,N,7153.1143,W,-2,0
2433944,4230.1245,N,7153.1143,W,-2,0
2434819,4230.1245,N,7153.1143,W,-2,0
2435696,4230.1245,N,7153.1143,W,-2,0
2436571,4230.1245,N,7153.1143,W,-2,0
2437446,4230.1245,N,7153.1143,W,-2,0
2438321,4230.1245,N,7153.1143,W,-2,0
2439196,4230.1245,N,7153.1143,W,-2,0
2440071,4230.1245,N,7153.1143,W,-2,0
2440946,4230.1245,N,7153.1143,W,-2,0
2441820,4230.1245,N,7153.1143,W,-2,0
2442695,4230.1245,N,7153.1143,W,-2,0
2443570,4230.1245,N,7153.1143,W,-2,0
2444445,4230.1245,N,7153.1143,W,-2,0
2445320,4230.1245,N,7153.1143,W,-2,0
2446196,4230.1245,N,7153.1143,W,-2,0
2447070,4230.1245,N,7153.1143,W,-2,0
2447948,4230.1245,N,7153.1143,W,-2,0
2448823,4230.1245,N,7153.1143,W,-2,0
2449697,4230.1245,N,7153.1143,W,-2,0
2450572,4230.1245,N,7153.1143,W,-2,0
2451447,4230.1245,N,7153.1143,W,-2,0
2452322,4230.1245,N,7153.1143,W,-2,0
2453198,4230.1245,N,7153.1143,W,-2,0
2454072,4230.1245,N,7153.1143,W,-2,0
2454947,4230.1245,N,7153.1143,W,-2,0
2455822,4230.1245,N,7153.1143,W,-2,0
2456696,4230.1245,N,7153.1143,W,-2,0
2457571,4230.1245,N,7153.1143,W,-2,0
2458447,4230.1245,N,7153.1143,W,-2,0
2459325,4230.1245,N,7153.1143,W,-2,0
2460200,4230.1245,N,7153.1143,W,-2,0
2461075,4230.1245,N,7153.1143,W,-2,0
2461950,4230.1245,N,7153.1143,W,-2,0
2462824,4230.1245,N,7153.1143,W,-2,0
2463699,4230.1245,N,7153.1143,W,-2,0
2464574,4230.1245,N,7153.1143,W,-2,0
2465449,4230.1245,N,7153.1143,W,-2,0
2466324,4230.1245,N,7153.1143,W,-2,0
2467199,4230.1245,N,7153.1143,W,-2,0
2468074,4230.1245,N,7153.1143,W,-2,0
2468949,4230.1245,N,7153.1143,W,-2,0
2469823,4230.1245,N,7153.1143,W,-2,0
2470698,4230.1245,N,7153.1143,W,-2,0
2471575,4230.1245,N,7153.1143,W,-2,0
2472451,4230.1245,N,7153.1143,W,-2,0
2473326,4230.1245,N,7153.1143,W,-2,0
2474201,4230.1245,N,7153.1143,W,-2,0
2475076,4230.1245,N,7153.1143,W,-2,0
2475950,4230.1245,N,7153.1143,W,-2,0
2476825,4230.1245,N,7153.1143,W,-2,0
2477700,4230.1245,N,7153.1143,W,-2,0
2478574,4230.1245,N,7153.1143,W,-2,0
2479450,4230.1245,N,7153.1143,W,-2,0
2480325,4230.1245,N,7153.1143,W,-2,0
2481200,4230.1245,N,7153.1143,W,-2,0
2482075,4230.1245,N,7153.1143,W,-2,0
2482952,4230.1245,N,7153.1143,W,-2,0
2483827,4230.1245,N,7153.1143,W,-2,0
2484702,4230.1245,N,7153.1143,W,-2,0
2485577,4230.1245,N,7153.1143,W,-2,0
2486452,4230.1245,N,7153.1143,W,-2,0
2487327,4230.1245,N,7153.1143,W,-2,0
2488202,4230.1245,N,7153.1143,W,-2,0
2489077,4230.1245,N,7153.1143,W,-2,0
2489951,4230.1245,N,7153.1143,W,-2,0
2490826,4230.1245,N,7153.1143,W,-2,0
2491700,4230.1245,N,7153.1143,W,-2,0
2492575,4230.1245,N,7153.1143,W,-2,0
2493450,4230.1245,N,7153.1143,W,-2,0
2494325,4230.1245,N,7153.1143,W,-2,0
2495203,4230.1245,N,7153.1143,W,-2,0
2496077,4230.1245,N,7153.1143,W,-2,0
2496952,4230.1245,N,7153.1143,W,-2,0
2497826,4230.1245,N,7153.1143,W,-2,0
2498701,4230.1245,N,7153.1143,W,-2,0
2499575,4230.1245,N,7153.1143,W,-2,0
2500450,4230.1245,N,7153.1143,W,-2,0
2501325,4230.1245,N,7153.1143,W,-2,0
2502200,4230.1245,N,7153.1143,W,-2,0
2503075,4230.1245,N,7153.1143,W,-2,0
2503949,4230.1245,N,7153.1143,W,-2,0
2504824,4230.1245,N,7153.1143,W,-2,0
2505698,4230.1245,N,7153.1143,W,-2,0
2506576,4230.1245,N,7153.1143,W,-2,0
2507451,4230.1245,N,7153.1143,W,-2,0
2508326,4230.1245,N,7153.1143,W,-2,0
2509201,4230.1245,N,7153.1143,W,-2,0
2510075,4230.1245,N,7153.1143,W,-2,0
2510950,4230.1245,N,7153.1143,W,-2,0
2511824,4230.1245,N,7153.1143,W,-2,0
2512699,4230.1245,N,7153.1143,W,-2,0
2513573,4230.1245,N,7153.1143,W,-2,0
2514448,4230.1245,N,7153.1143,W,-2,0
2515323,4230.1245,N,7153.1143,W,-2,0
2516198,4230.1245,N,7153.1143,W,-2,0
2517072,4230.1245,N,7153.1143,W,-2,0
2517947,4230.1245,N,7153.1143,W,-2,0
2518824,4230.1245,N,7153.1143,W,-2,0
2519698,4230.1245,N,7153.1143,W,-2,0
2520573,4230.1245,N,7153.1143,W,-2,0
2521448,4230.1245,N,7153.1143,W,-2,0
2522323,4230.1245,N,7153.1143,W,-2,0
2523197,4230.1245,N,7153.1143,W,-2,0
2524072,4230.1245,N,7153.1143,W,-2,0
2524946,4230.1245,N,7153.1143,W,-2,0
2525821,4230.1245,N,7153.1143,W,-2,0
2526695,4230.1245,N,7153.1143,W,-2,0
2527569,4230.1245,N,7153.1143,W,-2,0
2528444,4230.1245,N,7153.1143,W,-2,0
2529319,4230.1245,N,7153.1143,W,-2,0
2530197,4230.1245,N,7153.1143,W,-2,0
2531071,4230.1245,N,7153.1143,W,-2,0
2531946,4230.1245,N,7153.1143,W,-2,0
2532820,4230.1245,N,7153.1143,W,-2,0
2533695,4230.1245,N,7153.1143,W,-2,0
2534570,4230.1245,N,7153.1143,W,-2,0
2535445,4230.1245,N,7153.1143,W,-2,0
2536320,4230.1245,N,7153.1143,W,-2,0
2537195,4230.1245,N,7153.1143,W,-2,0
2538070,4230.1245,N,7153.1143,W,-2,0
2538944,4230.1245,N,7153.1143,W,-2,0
2539819,4230.1245,N,7153.1143,W,-2,0
2540693,4230.1245,N,7153.1143,W,-2,0
2541568,4230.1245,N,7153.1143,W,-2,0
2542446,4230.1245,N,7153.1143,W,-2,0
2543321,4230.1245,N,7153.1143,W,-2,0
2544196,4230.1245,N,7153.1143,W,-2,0
2545071,4230.1245,N,7153.1143,W,-2,0
2545945,4230.1245,N,7153.1143,W,-2,0
2546819,4230.1245,N,7153.1143,W,-2,0
2547694,4230.1245,N,7153.1143,W,-2,0
2548568,4230.1245,N,7153.1143,W,-2,0
2549444,4230.1245,N,7153.1143,W,-2,0
2550319,4230.1245,N,7153.1143,W,-2,0
2551194,4230.1245,N,7153.1143,W,-2,0
2552068,4230.1245,N,7153.1143,W,-2,0
2552943,4230.1245,N,7153.1143,W,-2,0
2553820,4230.1245,N,7153.1143,W,-2,0
2554694,4230.1245,N,7153.1143,W,-2,0
2555569,4230.1245,N,7153.1143,W,-2,0
2556444,4230.1245,N,7153.1143,W,-2,0
2557319,4230.1245,N,7153.1143,W,-2,0
2558194,4230.1245,N,7153.1143,W,-2,0
2559069,4230.1245,N,7153.1143,W,-2,0
2559943,4230.1245,N,7153.1143,W,-2,0
2560818,4230.1245,N,7153.1143,W,-2,0
2561692,4230.1245,N,7153.1143,W,-2,0
2562567,4230.1245,N,7153.1143,W,-2,0
2563442,4230.1245,N,7153.1143,W,-2,0
2564317,4230.1245,N,7153.1143,W,-2,0
2565192,4230.1245,N,7153.1143,W,-2,0
2566070,4230.1245,N,7153.1143,W,-2,0
2566944,4230.1245,N,7153.1143,W,-2,0
2567819,4230.1245,N,7153.1143,W,-2,0
2568693,4230.1245,N,7153.1143,W,-2,0
2569568,4230.1245,N,7153.1143,W,-2,0
2570443,4230.1245,N,7153.1143,W,-2,0
2571318,4230.1245,N,7153.1143,W,-2,0
2572193,4230.1245,N,7153.1143,W,-2,0
2573068,4230.1245,N,7153.1143,W,-2,0
2573942,4230.1245,N,7153.1143,W,-2,0
2574817,4230.1245,N,7153.1143,W,-2,0
2575691,4230.1245,N,7153.1143,W,-2,0
2576566,4230.1245,N,7153.1143,W,-2,0
2577444,4230.1245,N,7153.1143,W,-2,0
2578519,4230.1245,N,7153.1143,W,-2,1
2579394,4230.1245,N,7153.1143,W,-2,1
2580410,4230.1245,N,7153.1143,W,-2,1
2581498,4230.1245,N,7153.1143,W,-2,1
2582578,4230.1245,N,7153.1143,W,-2,1
2583673,4230.1245,N,7153.1143,W,-2,1
2584577,4230.1245,N,7153.1143,W,-2,1
2585452,4230.1245,N,7153.1143,W,-2,1
2586327,4230.1245,N,7153.1143,W,-2,1
2587202,4230.1245,N,7153.1143,W,-2,1
2588278,4230.1245,N,7153.1143,W,-2,1
2589153,4230.1245,N,7153.1143,W,-2,1
2590027,4230.1245,N,7153.1143,W,-2,1
2590900,4230.1245,N,7153.1143,W,-2,1
2591774,4230.1245,N,7153.1143,W,-2,1
2592649,4230.1245,N,7153.1143,W,-2,1
2593524,4230.1245,N,7153.1143,W,-2,1
2594399,4230.1245,N,7153.1143,W,-2,1
2595274,4230.1245,N,7153.1143,W,-2,1
2596149,4230.1245,N,7153.1143,W,-2,1
2597023,4230.1245,N,7153.1143,W,-2,1
2597898,4230.1245,N,7153.1143,W,-2,0
2598772,4230.1245,N,7153.1143,W,-2,0
2599647,4230.1245,N,7153.1143,W,-2,0
2600522,4230.1245,N,7153.1143,W,-2,0
2601397,4230.1245,N,7153.1143,W,-2,0
2602275,4230.1245,N,7153.1143,W,-2,0
2603150,4230.1245,N,7153.1143,W,-2,0
2604024,4230.1245,N,7153.1143,W,-2,0
2604898,4230.1245,N,7153.1143,W,-2,0
2605773,4230.1245,N,7153.1143,W,-2,0
2606647,4230.1245,N,7153.1143,W,-2,0
2607522,4230.1245,N,7153.1143,W,-2,0
2608397,4230.1245,N,7153.1143,W,-2,0
2609272,4230.1245,N,7153.1143,W,-2,0
2610147,4230.1245,N,7153.1143,W,-2,0
2611022,4230.1245,N,7153.1143,W,-2,0
2611896,4230.1245,N,7153.1143,W,-2,0
2612770,4230.1245,N,7153.1143,W,-2,0
2613648,4230.1245,N,7153.1143,W,-2,0
2614522,4230.1245,N,7153.1143,W,-2,0
2615397,4230.1245,N,7153.1143,W,-2,0
2616272,4230.1245,N,7153.1143,W,-2,0
2617147,4230.1245,N,7153.1143,W,-2,0
2618022,4230.1245,N,7153.1143,W,-2,0
2618896,4230.1245,N,7153.1143,W,-2,0
2619770,4230.1245,N,7153.1143,W,-2,0
2620645,4230.1245,N,7153.1143,W,-2,0
2621520,4230.1245,N,7153.1143,W,-2,0
2622395,4230.1245,N,7153.1143,W,-2,0
2623270,4230.1245,N,7153.1143,W,-2,0
2624145,4230.1245,N,7153.1143,W,-2,0
2625019,4230.1245,N,7153.1143,W,-2,0
2625897,4230.1245,N,7153.1143,W,-2,0
2626771,4230.1245,N,7153.1143,W,-2,0
2627646,4230.1245,N,7153.1143,W,-2,0
2628720,4230.1245,N,7153.1143,W,-2,1
2629595,4230.1245,N,7153.1143,W,-2,1
2630470,4230.1245,N,7153.1143,W,-2,1
2631345,4230.1245,N,7153.1143,W,-2,1
2632221,4230.1245,N,7153.1143,W,-2,1
2633095,4230.1245,N,7153.1143,W,-2,1
2633970,4230.1245,N,7153.1143,W,-2,1
2634844,4230.1245,N,7153.1143,W,-2,1
2635719,4230.1245,N,7153.1143,W,-2,1
2636594,4230.1245,N,7153.1143,W,-2,1
2637473,4230.1245,N,7153.1143,W,-2,1
2638348,4230.1245,N,7153.1143,W,-2,0
2639223,4230.1245,N,7153.1143,W,-2,0
2640098,4230.1245,N,7153.1143,W,-2,0
2640972,4230.1245,N,7153.1143,W,-2,0
2641847,4230.1245,N,7153.1143,W,-2,0
2642722,4230.1245,N,7153.1143,W,-2,0
2643596,4230.1245,N,7153.1143,W,-2,0
2644472,4230.1245,N,7153.1143,W,-2,0
2645347,4230.1245,N,7153.1143,W,-2,0
2646222,4230.1245,N,7153.1143,W,-2,0
2647097,4230.1245,N,7153.1143,W,-2,0
2648172,4230.1245,N,7153.1143,W,-2,1
2649047,4230.1245,N,7153.1143,W,-2,1
2649925,4230.1245,N,7153.1143,W,-2,1
2650799,4230.1245,N,7153.1143,W,-2,1
2651674,4230.1245,N,7153.1143,W,-2,1
2652549,4230.1245,N,7153.1143,W,-2,1
2653424,4230.1245,N,7153.1143,W,-2,1
2654300,4230.1245,N,7153.1143,W,-2,1
2655175,4230.1245,N,7153.1143,W,-2,1
2656049,4230.1245,N,7153.1143,W,-2,1
2656924,4230.1245,N,7153.1143,W,-2,1
2657799,4230.1245,N,7153.1143,W,-2,0
2658673,4230.1245,N,7153.1143,W,-2,0
2659548,4230.1245,N,7153.1143,W,-2,0
2660424,4230.1245,N,7153.1143,W,-2,0
2661302,4230.1245,N,7153.1143,W,-2,0
2662177,4230.1245,N,7153.1143,W,-2,0
2663051,4230.1245,N,7153.1143,W,-2,0
2663927,4230.1245,N,7153.1143,W,-2,0
2664802,4230.1245,N,7153.1143,W,-2,0
2665676,4230.1245,N,7153.1143,W,-2,0
2666551,4230.1245,N,7153.1143,W,-2,0
2667427,4230.1245,N,7153.1143,W,-2,0
2668302,4230.1245,N,7153.1143,W,-2,0
2669177,4230.1245,N,7153.1143,W,-2,0
2670052,4230.1245,N,7153.1143,W,-2,0
2670927,4230.1245,N,7153.1143,W,-2,0
2671802,4230.1245,N,7153.1143,W,-2,0
2672677,4230.1245,N,7153.1143,W,-2,0
2673555,4230.1245,N,7153.1143,W,-2,0
2674430,4230.1245,N,7153.1143,W,-2,0
2675305,4230.1245,N,7153.1143,W,-2,0
2676181,4230.1245,N,7153.1143,W,-2,0
2677055,4230.1245,N,7153.1143,W,-2,0
2677930,4230.1245,N,7153.1143,W,-2,0
2678805,4230.1245,N,7153.1143,W,-2,0
2679680,4230.1245,N,7153.1143,W,-2,0
2680555,4230.1245,N,7153.1143,W,-2,0
2681430,4230.1245,N,7153.1143,W,-2,0
2682306,4230.1245,N,7153.1143,W,-2,0
2683181,4230.1245,N,7153.1143,W,-2,0
2684056,4230.1245,N,7153.1143,W,-2,0
2684934,4230.1245,N,7153.1143,W,-2,0
2685808,4230.1245,N,7153.1143,W,-2,0
2686683,4230.1245,N,7153.1143,W,-2,0
2687558,4230.1245,N,7153.1143,W,-2,0
2688434,4230.1245,N,7153.1143,W,-2,0
2689309,4230.1245,N,7153.1143,W,-2,0
2690185,4230.1245,N,7153.1143,W,-2,0
2691059,4230.1245,N,7153.1143,W,-2,0
2691934,4230.1245,N,7153.1143,W,-2,0
2692809,4230.1245,N,7153.1143,W,-2,0
2693684,4230.1245,N,7153.1143,W,-2,0
2694559,4230.1245,N,7153.1143,W,-2,0
2695434,4230.1245,N,7153.1143,W,-2,0
2696309,4230.1245,N,7153.1143,W,-2,0
2697187,4230.1245,N,7153.1143,W,-2,0
2698062,4230.1245,N,7153.1143,W,-2,0
2699137,4230.1245,N,7153.1143,W,-2,1
2700011,4230.1245,N,7153.1143,W,-2,1
2700886,4230.1245,N,7153.1143,W,-2,1
2701761,4230.1245,N,7153.1143,W,-2,1
2702635,4230.1245,N,7153.1143,W,-2,1
2703510,4230.1245,N,7153.1143,W,-2,1
2704385,4230.1245,N,7153.1143,W,-2,1
2705261,4230.1245,N,7153.1143,W,-2,1
2706135,4230.1245,N,7153.1143,W,-2,1
2707010,4230.1245,N,7153.1143,W,-2,1
2707885,4230.1245,N,7153.1143,W,-2,1
2708762,4230.1245,N,7153.1143,W,-2,0
2709637,4230.1245,N,7153.1143,W,-2,0
2710512,4230.1245,N,7153.1143,W,-2,0
2711387,4230.1245,N,7153.1143,W,-2,0
2712262,4230.1245,N,7153.1143,W,-2,0
2713137,4230.1245,N,7153.1143,W,-2,0
2714011,4230.1245,N,7153.1143,W,-2,0
2714886,4230.1245,N,7153.1143,W,-2,0
2715761,4230.1245,N,7153.1143,W,-2,0
2716635,4230.1245,N,7153.1143,W,-2,0
2717511,4230.1245,N,7153.1143,W,-2,0
2718386,4230.1245,N,7153.1143,W,-2,0
2719261,4230.1245,N,7153.1143,W,-2,0
2720136,4230.1245,N,7153.1143,W,-2,0
2721013,4230.1245,N,7153.1143,W,-2,0
2721888,4230.1245,N,7153.1143,W,-2,0
2722763,4230.1245,N,7153.1143,W,-2,0
2723638,4230.1245,N,7153.1143,W,-2,0
2724513,4230.1245,N,7153.1143,W,-2,0
2725388,4230.1245,N,7153.1143,W,-2,0
2726264,4230.1245,N,7153.1143,W,-2,0
2727138,4230.1245,N,7153.1143,W,-2,0
2728013,4230.1245,N,7153.1143,W,-2,0
2728888,4230.1245,N,7153.1143,W,-2,0
2729763,4230.1245,N,7153.1143,W,-2,0
2730637,4230.1245,N,7153.1143,W,-2,0
2731513,4230.1245,N,7153.1143,W,-2,0
2732391,4230.1245,N,7153.1143,W,-2,0
2733266,4230.1245,N,7153.1143,W,-2,0
2734141,4230.1245,N,7153.1143,W,-2,0
2735016,4230.1245,N,7153.1143,W,-2,0
2736091,4230.1245,N,7153.1143,W,-2,1
2736965,4230.1245,N,7153.1143,W,-2,1
2737840,4230.1245,N,7153.1143,W,-2,1
2738715,4230.1245,N,7153.1143,W,-2,1
2739590,4230.1245,N,7153.1143,W,-2,1
2740465,4230.1245,N,7153.1143,W,-2,1
2741341,4230.1245,N,7153.1143,W,-2,1
2742216,4230.1245,N,7153.1143,W,-2,1
2743090,4230.1245,N,7153.1143,W,-2,1
2743966,4230.1245,N,7153.1143,W,-2,1
2744843,4230.1245,N,7153.1143,W,-2,1
2745718,4230.1245,N,7153.1143,W,-2,0
2746593,4230.1245,N,7153.1143,W,-2,0
2747468,4230.1245,N,7153.1143,W,-2,0
2748343,4230.1245,N,7153.1143,W,-2,0
2749218,4230.1245,N,7153.1143,W,-2,0
2750093,4230.1245,N,7153.1143,W,-2,0
2750967,4230.1245,N,7153.1143,W,-2,0
2751842,4230.1245,N,7153.1143,W,-2,0
2752717,4230.1245,N,7153.1143,W,-2,0
2753591,4230.1245,N,7153.1143,W,-2,0
2754467,4230.1245,N,7153.1143,W,-2,0
2755342,4230.1245,N,7153.1143,W,-2,0
2756220,4230.1245,N,7153.1143,W,-2,0
2757094,4230.1245,N,7153.1143,W,-2,0
2757969,4230.1245,N,7153.1143,W,-2,0
2758844,4230.1245,N,7153.1143,W,-2,0
2759719,4230.1245,N,7153.1143,W,-2,0
2760593,4230.1245,N,7153.1143,W,-2,0
2761469,4230.1245,N,7153.1143,W,-2,0
2762344,4230.1245,N,7153.1143,W,-2,0
2763219,4230.1245,N,7153.1143,W,-2,0
2764094,4230.1245,N,7153.1143,W,-2,0
2764968,4230.1245,N,7153.1143,W,-2,0
2765843,4230.1245,N,7153.1143,W,-2,0
2766718,4230.1245,N,7153.1143,W,-2,0
2767593,4230.1245,N,7153.1143,W,-2,0
2768471,4230.1245,N,7153.1143,W,-2,0
2769347,4230.1245,N,7153.1143,W,-2,0
2770222,4230.1245,N,7153.1143,W,-2,0
2771097,4230.1245,N,7153.1143,W,-2,0
2771972,4230.1245,N,7153.1143,W,-2,0
2772846,4230.1245,N,7153.1143,W,-2,0
2773721,4230.1245,N,7153.1143,W,-2,0
2774596,4230.1245,N,7153.1143,W,-2,0
2775471,4230.1245,N,7153.1143,W,-2,0
2776346,4230.1245,N,7153.1143,W,-2,0
2777222,4230.1245,N,7153.1143,W,-2,0
2778096,4230.1245,N,7153.1143,W,-2,0
2778971,4230.1245,N,7153.1143,W,-2,0
2779849,4230.1245,N,7153.1143,W,-2,0
2780724,4230.1245,N,7153.1143,W,-2,0
2781598,4230.1245,N,7153.1143,W,-2,0
2782474,4230.1245,N,7153.1143,W,-2,0
2783349,4230.1245,N,7153.1143,W,-2,0
2784224,4230.1245,N,7153.1143,W,-2,0
2785099,4230.1245,N,7153.1143,W,-2,0
2785974,4230.1245,N,7153.1143,W,-2,0
2786848,4230.1245,N,7153.1143,W,-2,0
2787723,4230.1245,N,7153.1143,W,-2,0
2788598,4230.1245,N,7153.1143,W,-2,0
2789473,4230.1245,N,7153.1143,W,-2,0
2790349,4230.1245,N,7153.1143,W,-2,0
2791224,4230.1245,N,7153.1143,W,-2,0
2792101,4230.1245,N,7153.1143,W,-2,0
2792976,4230.1245,N,7153.1143,W,-2,0
2793850,4230.1245,N,7153.1143,W,-2,0
2794725,4230.1245,N,7153.1143,W,-2,0
2795600,4230.1245,N,7153.1143,W,-2,0
2796476,4230.1245,N,7153.1143,W,-2,0
2797351,4230.1245,N,7153.1143,W,-2,0
2798226,4230.1245,N,7153.1143,W,-2,0
2799100,4230.1245,N,7153.1143,W,-2,0
2799975,4230.1245,N,7153.1143,W,-2,0
2800850,4230.1245,N,7153.1143,W,-2,0
2801724,4230.1245,N,7153.1143,W,-2,0
2802599,4230.1245,N,7153.1143,W,-2,0
2803477,4230.1245,N,7153.1143,W,-2,0
2804352,4230.1245,N,7153.1143,W,-2,0
2805227,4230.1245,N,7153.1143,W,-2,0
2806102,4230.1245,N,7153.1143,W,-2,0
2806976,4230.1245,N,7153.1143,W,-2,0
2807851,4230.1245,N,7153.1143,W,-2,0
2808725,4230.1245,N,7153.1143,W,-2,0
