297382,1915.8032,N,9936.8623,W,0,2622.70,0
297607,1915.8032,N,9936.8623,W,0,2622.70,0
297826,1915.8032,N,9936.8623,W,0,2622.70,0
298045,1915.8032,N,9936.8623,W,0,2622.70,0
298071,1915.8032,N,9936.8623,W,0,2622.70,0
298097,1915.8032,N,9936.8623,W,0,2622.70,0
298123,1915.8032,N,9936.8623,W,0,2622.70,0
298149,1915.8032,N,9936.8623,W,0,2622.70,0
298175,1915.8032,N,9936.8623,W,0,2622.70,0
298201,1915.8032,N,9936.8623,W,0,2622.70,0
298227,1915.8032,N,9936.8623,W,0,2622.70,0
298253,1915.8032,N,9936.8623,W,0,2622.70,0
298277,1915.8032,N,9936.8623,W,0,2622.70,0
298305,1915.8032,N,9936.8623,W,0,2622.70,0
298331,1915.8032,N,9936.8623,W,0,2622.70,0
298357,1915.8032,N,9936.8623,W,0,2622.70,0
298383,1915.8032,N,9936.8623,W,0,2622.70,0
298409,1915.8032,N,9936.8623,W,0,2622.70,0
298435,1915.8032,N,9936.8623,W,0,2622.70,0
298461,1915.8032,N,9936.8623,W,0,2622.70,0
298487,1915.8032,N,9936.8623,W,0,2622.70,0
298513,1915.8032,N,9936.8623,W,0,2622.70,0
298539,1915.8032,N,9936.8623,W,0,2622.70,0
298565,1915.8032,N,9936.8623,W,0,2622.70,0
298589,1915.8032,N,9936.8623,W,0,2622.70,0
298617,1915.8032,N,9936.8623,W,0,2622.70,0
298643,1915.8032,N,9936.8623,W,0,2622.70,0
298669,1915.8022,N,9936.8623,W,0,2622.70,0
298695,1915.8022,N,9936.8623,W,0,2622.70,0
298721,1915.8022,N,9936.8623,W,0,2622.70,0
298747,1915.8022,N,9936.8623,W,0,2622.70,0
298773,1915.8022,N,9936.8623,W,0,2622.70,0
298799,1915.8022,N,9936.8623,W,0,2623.60,0
298825,1915.8022,N,9936.8623,W,0,2623.60,0
298851,1915.8022,N,9936.8623,W,0,2623.60,0
298875,1915.8022,N,9936.8623,W,0,2623.60,0
298903,1915.8022,N,9936.8623,W,0,2623.60,0
298929,1915.8022,N,9936.8623,W,0,2623.60,0
298955,1915.8022,N,9936.8623,W,0,2623.60,0
298981,1915.8022,N,9936.8623,W,0,2623.60,0
299007,1915.8022,N,9936.8623,W,0,2623.60,0
299033,1915.8022,N,9936.8623,W,0,2623.60,0
299059,1915.8022,N,9936.8623,W,0,2623.60,0
299085,1915.8022,N,9936.8623,W,0,2623.60,0
299111,1915.8022,N,9936.8623,W,0,2623.60,0
299137,1915.8022,N,9936.8623,W,0,2623.60,0
299163,1915.8022,N,9936.8623,W,0,2623.60,0
299189,1915.8022,N,9936.8623,W,0,2623.60,0
299215,1915.8022,N,9936.8623,W,0,2623.60,0
299241,1915.8022,N,9936.8623,W,0,2623.60,0
299267,1915.8022,N,9936.8623,W,0,2623.60,0
299293,1915.8022,N,9936.8623,W,0,2623.60,0
299319,1915.8022,N,9936.8623,W,0,2623.60,0
299345,1915.8022,N,9936.8623,W,0,2623.60,0
299371,1915.8022,N,9936.8623,W,0,2623.60,0
299398,1915.8022,N,9936.8623,W,0,2623.60,0
299423,1915.8022,N,9936.8623,W,0,2623.60,0
299449,1915.8022,N,9936.8623,W,0,2623.60,0
299475,1915.8022,N,9936.8623,W,0,2623.60,0
299499,1915.8022,N,9936.8623,W,0,2623.60,0
299527,1915.8022,N,9936.8623,W,0,2623.60,0
299553,1915.8022,N,9936.8623,W,0,2623.60,0
299579,1915.8020,N,9936.8623,W,0,2623.60,0
299605,1915.8020,N,9936.8623,W,0,2623.60,0
299631,1915.8020,N,9936.8623,W,0,2623.60,0
299657,1915.8020,N,9936.8623,W,0,2623.60,0
299683,1915.8020,N,9936.8623,W,0,2623.50,0
299709,1915.8020,N,9936.8623,W,0,2623.50,0
299735,1915.8020,N,9936.8623,W,0,2623.50,0
299761,1915.8020,N,9936.8623,W,0,2623.50,0
299785,1915.8020,N,9936.8623,W,0,2623.50,0
299813,1915.8020,N,9936.8623,W,0,2623.50,0
299839,1915.8020,N,9936.8623,W,0,2623.50,0
299865,1915.8020,N,9936.8623,W,0,2623.50,0
299891,1915.8020,N,9936.8623,W,0,2623.50,0
299917,1915.8020,N,9936.8623,W,0,2623.50,0
299943,1915.8020,N,9936.8623,W,0,2623.50,0
299969,1915.8020,N,9936.8623,W,0,2623.50,0
299995,1915.8020,N,9936.8623,W,0,2623.50,0
300021,1915.8020,N,9936.8623,W,0,2623.50,0
300047,1915.8020,N,9936.8623,W,0,2623.50,0
300073,1915.8020,N,9936.8623,W,0,2623.50,0
300099,1915.8020,N,9936.8623,W,0,2623.50,0
300125,1915.8020,N,9936.8623,W,0,2623.50,0
300151,1915.8020,N,9936.8623,W,0,2623.50,0
300177,1915.8020,N,9936.8623,W,0,2623.50,0
300203,1915.8020,N,9936.8623,W,0,2623.50,0
300229,1915.8020,N,9936.8623,W,0,2623.50,0
300255,1915.8020,N,9936.8623,W,0,2623.50,0
300281,1915.8020,N,9936.8623,W,0,2623.50,0
300307,1915.8020,N,9936.8623,W,0,2623.50,0
300333,1915.8020,N,9936.8623,W,0,2623.50,0
300359,1915.8020,N,9936.8623,W,0,2623.50,0
300385,1915.8020,N,9936.8623,W,0,2623.50,0
300411,1915.8020,N,9936.8623,W,0,2623.50,0
300437,1915.8020,N,9936.8623,W,0,2623.50,0
300463,1915.8020,N,9936.8623,W,0,2623.50,0
300489,1915.8020,N,9936.8623,W,0,2623.50,0
300515,1915.8020,N,9936.8623,W,0,2623.50,0
300541,1915.8020,N,9936.8623,W,0,2623.50,0
300567,1915.8019,N,9936.8623,W,0,2623.50,0
300593,1915.8019,N,9936.8623,W,0,2623.50,0
300619,1915.8019,N,9936.8623,W,0,2623.50,0
300645,1915.8019,N,9936.8623,W,0,2623.50,0
300671,1915.8019,N,9936.8623,W,0,2623.50,0
300697,1915.8019,N,9936.8623,W,0,2623.20,0
300723,1915.8019,N,9936.8623,W,0,2623.20,0
300749,1915.8019,N,9936.8623,W,0,2623.20,0
300775,1915.8019,N,9936.8623,W,0,2623.20,0
300801,1915.8019,N,9936.8623,W,0,2623.20,0
300827,1915.8019,N,9936.8623,W,0,2623.20,0
300853,1915.8019,N,9936.8623,W,0,2623.20,0
300879,1915.8019,N,9936.8623,W,0,2623.20,0
300905,1915.8019,N,9936.8623,W,0,2623.20,0
300931,1915.8019,N,9936.8623,W,0,2623.20,0
300957,1915.8019,N,9936.8623,W,0,2623.20,0
300983,1915.8019,N,9936.8623,W,0,2623.20,0
301009,1915.8019,N,9936.8623,W,0,2623.20,0
301035,1915.8019,N,9936.8623,W,0,2623.20,0
301061,1915.8019,N,9936.8623,W,0,2623.20,0
301087,1915.8019,N,9936.8623,W,0,2623.20,0
301113,1915.8019,N,9936.8623,W,0,2623.20,0
301139,1915.8019,N,9936.8623,W,0,2623.20,0
301165,1915.8019,N,9936.8623,W,0,2623.20,0
301191,1915.8019,N,9936.8623,W,0,2623.20,0
301217,1915.8019,N,9936.8623,W,0,2623.20,0
301243,1915.8019,N,9936.8623,W,0,2623.20,0
301269,1915.8019,N,9936.8623,W,0,2623.20,0
301295,1915.8019,N,9936.8623,W,0,2623.20,0
301321,1915.8019,N,9936.8623,W,0,2623.20,0
301347,1915.8019,N,9936.8623,W,0,2623.20,0
301373,1915.8019,N,9936.8623,W,0,2623.20,0
301399,1915.8019,N,9936.8623,W,0,2623.20,0
301425,1915.8019,N,9936.8623,W,0,2623.20,0
301451,1915.8019,N,9936.8623,W,0,2623.20,0
301477,1915.8019,N,9936.8623,W,0,2623.20,0
301503,1915.8019,N,9936.8623,W,0,2623.20,0
301529,1915.8019,N,9936.8623,W,0,2623.20,0
301555,1915.8019,N,9936.8623,W,0,2623.20,0
301581,1915.8019,N,9936.8623,W,0,2623.20,0
301605,1915.8019,N,9936.8623,W,0,2623.20,0
301634,1915.8019,N,9936.8623,W,0,2623.20,0
301659,1915.8019,N,9936.8623,W,0,2623.20,0
301685,1915.8019,N,9936.8623,W,0,2622.80,0
301711,1915.8019,N,9936.8623,W,0,2622.80,0
301737,1915.8019,N,9936.8623,W,0,2622.80,0
301763,1915.8019,N,9936.8623,W,0,2622.80,0
301789,1915.8019,N,9936.8623,W,0,2622.80,0
301815,1915.8019,N,9936.8623,W,0,2622.80,0
301841,1915.8019,N,9936.8623,W,0,2622.80,0
301867,1915.8019,N,9936.8623,W,0,2622.80,0
301893,1915.8019,N,9936.8623,W,0,2622.80,0
301917,1915.8019,N,9936.8623,W,0,2622.80,0
301945,1915.8019,N,9936.8623,W,0,2622.80,0
301971,1915.8019,N,9936.8623,W,0,2622.80,0
301997,1915.8019,N,9936.8623,W,0,2622.80,0
302023,1915.8019,N,9936.8623,W,0,2622.80,0
302049,1915.8019,N,9936.8623,W,0,2622.80,0
302075,1915.8019,N,9936.8623,W,0,2622.80,0
302101,1915.8019,N,9936.8623,W,0,2622.80,0
302127,1915.8019,N,9936.8623,W,0,2622.80,0
302153,1915.8019,N,9936.8623,W,0,2622.80,0
302179,1915.8019,N,9936.8623,W,0,2622.80,0
302203,1915.8019,N,9936.8623,W,0,2622.80,0
302231,1915.8019,N,9936.8623,W,0,2622.80,0
302257,1915.8019,N,9936.8623,W,0,2622.80,0
302283,1915.8019,N,9936.8623,W,0,2622.80,0
302309,1915.8019,N,9936.8623,W,0,2622.80,0
302335,1915.8019,N,9936.8623,W,0,2622.80,0
302361,1915.8019,N,9936.8623,W,0,2622.80,0
302387,1915.8019,N,9936.8623,W,0,2622.80,0
302414,1915.8019,N,9936.8623,W,0,2622.80,0
302439,1915.8019,N,9936.8623,W,0,2622.80,0
302465,1915.8019,N,9936.8623,W,0,2622.80,0
302491,1915.8019,N,9936.8623,W,0,2622.80,0
302517,1915.8019,N,9936.8623,W,0,2622.80,0
302543,1915.8019,N,9936.8623,W,0,2622.80,0
302569,1915.8019,N,9936.8623,W,0,2622.80,0
302595,1915.8019,N,9936.8623,W,0,2622.80,0
302621,1915.8019,N,9936.8623,W,0,2622.80,0
302647,1915.8019,N,9936.8623,W,0,2622.80,0
302673,1915.8019,N,9936.8623,W,0,2622.80,0
302699,1915.8019,N,9936.8623,W,0,2622.60,0
302725,1915.8019,N,9936.8623,W,0,2622.60,0
302751,1915.8019,N,9936.8623,W,0,2622.60,0
302777,1915.8019,N,9936.8623,W,0,2622.60,0
302803,1915.8019,N,9936.8623,W,0,2622.60,0
302829,1915.8019,N,9936.8623,W,0,2622.60,0
302855,1915.8019,N,9936.8623,W,0,2622.60,0
302881,1915.8019,N,9936.8623,W,0,2622.60,0
302907,1915.8019,N,9936.8623,W,0,2622.60,0
302934,1915.8019,N,9936.8623,W,0,2622.60,0
302959,1915.8019,N,9936.8623,W,0,2622.60,0
302985,1915.8019,N,9936.8623,W,0,2622.60,0
303011,1915.8019,N,9936.8623,W,0,2622.60,0
303037,1915.8019,N,9936.8623,W,0,2622.60,0
303063,1915.8019,N,9936.8623,W,0,2622.60,0
303089,1915.8019,N,9936.8623,W,0,2622.60,0
303113,1915.8019,N,9936.8623,W,0,2622.60,0
303141,1915.8019,N,9936.8623,W,0,2622.60,0
303167,1915.8019,N,9936.8623,W,0,2622.60,0
303193,1915.8019,N,9936.8623,W,0,2622.60,0
303219,1915.8019,N,9936.8623,W,0,2622.60,0
303245,1915.8019,N,9936.8623,W,0,2622.60,0
303271,1915.8019,N,9936.8623,W,0,2622.60,0
303297,1915.8019,N,9936.8623,W,0,2622.60,0
303323,1915.8019,N,9936.8623,W,0,2622.60,0
303349,1915.8019,N,9936.8623,W,0,2622.60,0
303375,1915.8019,N,9936.8623,W,0,2622.60,0
303401,1915.8019,N,9936.8623,W,0,2622.60,0
303425,1915.8019,N,9936.8623,W,0,2622.60,0
303453,1915.8019,N,9936.8623,W,0,2622.60,0
303479,1915.8019,N,9936.8623,W,0,2622.60,0
303505,1915.8019,N,9936.8623,W,0,2622.60,0
303531,1915.8019,N,9936.8623,W,0,2622.60,0
303557,1915.8020,N,9936.8623,W,0,2622.60,0
303583,1915.8020,N,9936.8623,W,0,2622.60,0
303609,1915.8020,N,9936.8623,W,0,2622.60,0
303635,1915.8020,N,9936.8623,W,0,2622.60,0
303661,1915.8020,N,9936.8623,W,0,2622.60,0
303687,1915.8020,N,9936.8623,W,0,2621.80,0
303713,1915.8020,N,9936.8623,W,0,2621.80,0
303737,1915.8020,N,9936.8623,W,0,2621.80,0
303765,1915.8020,N,9936.8623,W,0,2621.80,0
303791,1915.8020,N,9936.8623,W,0,2621.80,0
303817,1915.8020,N,9936.8623,W,0,2621.80,0
303843,1915.8020,N,9936.8623,W,0,2621.80,0
303869,1915.8020,N,9936.8623,W,0,2621.80,0
303895,1915.8020,N,9936.8623,W,0,2621.80,0
303921,1915.8020,N,9936.8623,W,0,2621.80,0
303947,1915.8020,N,9936.8623,W,0,2621.80,0
303973,1915.8020,N,9936.8623,W,0,2621.80,0
303999,1915.8020,N,9936.8623,W,0,2621.80,0
304025,1915.8020,N,9936.8623,W,0,2621.80,0
304051,1915.8020,N,9936.8623,W,0,2621.80,0
304077,1915.8020,N,9936.8623,W,0,2621.80,0
304103,1915.8020,N,9936.8623,W,0,2621.80,0
304129,1915.8020,N,9936.8623,W,0,2621.80,0
304155,1915.8020,N,9936.8623,W,0,2621.80,0
304181,1915.8020,N,9936.8623,W,0,2621.80,0
304207,1915.8020,N,9936.8623,W,0,2621.80,0
304233,1915.8020,N,9936.8623,W,0,2621.80,0
304259,1915.8020,N,9936.8623,W,0,2621.80,0
304285,1915.8020,N,9936.8623,W,0,2621.80,0
304311,1915.8020,N,9936.8623,W,0,2621.80,0
304335,1915.8020,N,9936.8623,W,0,2621.80,0
304363,1915.8020,N,9936.8623,W,0,2621.80,0
304389,1915.8020,N,9936.8623,W,0,2621.80,0
304415,1915.8020,N,9936.8623,W,0,2621.80,0
304441,1915.8020,N,9936.8623,W,0,2621.80,0
304467,1915.8020,N,9936.8623,W,0,2621.80,0
304493,1915.8020,N,9936.8623,W,0,2621.80,0
304519,1915.8020,N,9936.8623,W,0,2621.80,0
304545,1915.8020,N,9936.8623,W,0,2621.80,0
304571,1915.8020,N,9936.8623,W,0,2621.80,0
304597,1915.8020,N,9936.8623,W,0,2621.80,0
304623,1915.8020,N,9936.8623,W,0,2621.80,0
304649,1915.8020,N,9936.8623,W,0,2621.80,0
304675,1915.8020,N,9936.8623,W,0,2621.80,0
304701,1915.8020,N,9936.8623,W,0,2621.10,0
304728,1915.8020,N,9936.8623,W,0,2621.10,0
304753,1915.8020,N,9936.8623,W,0,2621.10,0
304779,1915.8020,N,9936.8623,W,0,2621.10,0
304805,1915.8020,N,9936.8623,W,0,2621.10,0
304831,1915.8020,N,9936.8623,W,0,2621.10,0
304857,1915.8020,N,9936.8623,W,0,2621.10,0
304883,1915.8020,N,9936.8623,W,0,2621.10,0
304909,1915.8020,N,9936.8623,W,0,2621.10,0
304933,1915.8020,N,9936.8623,W,0,2621.10,0
304961,1915.8020,N,9936.8623,W,0,2621.10,0
304987,1915.8020,N,9936.8623,W,0,2621.10,0
305013,1915.8020,N,9936.8623,W,0,2621.10,0
305039,1915.8020,N,9936.8623,W,0,2621.10,0
305065,1915.8020,N,9936.8623,W,0,2621.10,0
305091,1915.8020,N,9936.8623,W,0,2621.10,0
305117,1915.8020,N,9936.8623,W,0,2621.10,0
305143,1915.8020,N,9936.8623,W,0,2621.10,0
305169,1915.8020,N,9936.8623,W,0,2621.10,0
305195,1915.8020,N,9936.8623,W,0,2621.10,0
305221,1915.8020,N,9936.8623,W,0,2621.10,0
305248,1915.8020,N,9936.8623,W,0,2621.10,0
305273,1915.8020,N,9936.8623,W,0,2621.10,0
305299,1915.8020,N,9936.8623,W,0,2621.10,0
305325,1915.8020,N,9936.8623,W,0,2621.10,0
305351,1915.8020,N,9936.8623,W,0,2621.10,0
305377,1915.8020,N,9936.8623,W,0,2621.10,0
305403,1915.8020,N,9936.8623,W,0,2621.10,0
305429,1915.8020,N,9936.8623,W,0,2621.10,0
305455,1915.8020,N,9936.8623,W,0,2621.10,0
305481,1915.8020,N,9936.8623,W,0,2621.10,0
305507,1915.8020,N,9936.8623,W,0,2621.10,0
305531,1915.8020,N,9936.8623,W,0,2621.10,0
305559,1915.8020,N,9936.8623,W,0,2621.10,0
305585,1915.8020,N,9936.8623,W,0,2621.10,0
305611,1915.8020,N,9936.8623,W,0,2621.10,0
305637,1915.8020,N,9936.8623,W,0,2621.10,0
305663,1915.8020,N,9936.8623,W,0,2621.10,0
305689,1915.8020,N,9936.8623,W,0,2620.70,0
305715,1915.8020,N,9936.8623,W,0,2620.70,0
305741,1915.8020,N,9936.8623,W,0,2620.70,0
305767,1915.8020,N,9936.8623,W,0,2620.70,0
305793,1915.8020,N,9936.8623,W,0,2620.70,0
305819,1915.8020,N,9936.8623,W,0,2620.70,0
305843,1915.8020,N,9936.8623,W,0,2620.70,0
305871,1915.8020,N,9936.8623,W,0,2620.70,0
305897,1915.8020,N,9936.8623,W,0,2620.70,0
305923,1915.8020,N,9936.8623,W,0,2620.70,0
305949,1915.8020,N,9936.8623,W,0,2620.70,0
305975,1915.8020,N,9936.8623,W,0,2620.70,0
306001,1915.8020,N,9936.8623,W,0,2620.70,0
306027,1915.8020,N,9936.8623,W,0,2620.70,0
306053,1915.8020,N,9936.8623,W,0,2620.70,0
306079,1915.8020,N,9936.8623,W,0,2620.70,0
306105,1915.8020,N,9936.8623,W,0,2620.70,0
306131,1915.8020,N,9936.8623,W,0,2620.70,0
306155,1915.8020,N,9936.8623,W,0,2620.70,0
306183,1915.8020,N,9936.8623,W,0,2620.70,0
306209,1915.8020,N,9936.8623,W,0,2620.70,0
306235,1915.8020,N,9936.8623,W,0,2620.70,0
306261,1915.8020,N,9936.8623,W,0,2620.70,0
306287,1915.8020,N,9936.8623,W,0,2620.70,0
306313,1915.8020,N,9936.8623,W,0,2620.70,0
306339,1915.8020,N,9936.8623,W,0,2620.70,0
306365,1915.8020,N,9936.8623,W,0,2620.70,0
306391,1915.8020,N,9936.8623,W,0,2620.70,0
306417,1915.8020,N,9936.8623,W,0,2620.70,0
306441,1915.8020,N,9936.8623,W,0,2620.70,0
306469,1915.8020,N,9936.8623,W,0,2620.70,0
306495,1915.8020,N,9936.8623,W,0,2620.70,0
306521,1915.8020,N,9936.8623,W,0,2620.70,0
306547,1915.8020,N,9936.8623,W,0,2620.70,0
306573,1915.8020,N,9936.8623,W,0,2620.70,0
306599,1915.8020,N,9936.8623,W,0,2620.70,0
306625,1915.8020,N,9936.8623,W,0,2620.70,0
306651,1915.8020,N,9936.8623,W,0,2620.70,0
306677,1915.8020,N,9936.8623,W,0,2620.70,0
306703,1915.8020,N,9936.8623,W,0,2620.40,0
306729,1915.8020,N,9936.8623,W,0,2620.40,0
306753,1915.8020,N,9936.8623,W,0,2620.40,0
306781,1915.8020,N,9936.8623,W,0,2620.40,0
306807,1915.8020,N,9936.8623,W,0,2620.40,0
306833,1915.8020,N,9936.8623,W,0,2620.40,0
306859,1915.8020,N,9936.8623,W,0,2620.40,0
306885,1915.8020,N,9936.8623,W,0,2620.40,0
306911,1915.8020,N,9936.8623,W,0,2620.40,0
306937,1915.8020,N,9936.8623,W,0,2620.40,0
306963,1915.8020,N,9936.8623,W,0,2620.40,0
306989,1915.8020,N,9936.8623,W,0,2620.40,0
307015,1915.8020,N,9936.8623,W,0,2620.40,0
307041,1915.8020,N,9936.8623,W,0,2620.40,0
307065,1915.8020,N,9936.8623,W,0,2620.40,0
307093,1915.8020,N,9936.8623,W,0,2620.40,0
307119,1915.8020,N,9936.8623,W,0,2620.40,0
307145,1915.8020,N,9936.8623,W,0,2620.40,0
307171,1915.8020,N,9936.8623,W,0,2620.40,0
307197,1915.8020,N,9936.8623,W,0,2620.40,0
307223,1915.8020,N,9936.8623,W,0,2620.40,0
307249,1915.8020,N,9936.8623,W,0,2620.40,0
307275,1915.8020,N,9936.8623,W,0,2620.40,0
307301,1915.8020,N,9936.8623,W,0,2620.40,0
307327,1915.8020,N,9936.8623,W,0,2620.40,0
307351,1915.8020,N,9936.8623,W,0,2620.40,0
307379,1915.8020,N,9936.8623,W,0,2620.40,0
307405,1915.8020,N,9936.8623,W,0,2620.40,0
307431,1915.8020,N,9936.8623,W,0,2620.40,0
307457,1915.8020,N,9936.8623,W,0,2620.40,0
307483,1915.8020,N,9936.8623,W,0,2620.40,0
307509,1915.8020,N,9936.8623,W,0,2620.40,0
307535,1915.8020,N,9936.8623,W,0,2620.40,0
307561,1915.8020,N,9936.8623,W,0,2620.40,0
307587,1915.8020,N,9936.8623,W,0,2620.40,0
307613,1915.8020,N,9936.8623,W,0,2620.40,0
307639,1915.8020,N,9936.8623,W,0,2620.40,0
307665,1915.8020,N,9936.8623,W,0,2620.40,0
307691,1915.8020,N,9936.8623,W,0,2620.40,0
307717,1915.8020,N,9936.8623,W,0,2620.40,0
307743,1915.8020,N,9936.8623,W,0,2620.40,0
307769,1915.8020,N,9936.8623,W,0,2620.40,0
307795,1915.8020,N,9936.8623,W,0,2620.40,0
307821,1915.8020,N,9936.8623,W,0,2620.40,0
307847,1915.8020,N,9936.8623,W,0,2620.40,0
307873,1915.8020,N,9936.8623,W,0,2620.40,0
307899,1915.8020,N,9936.8623,W,0,2620.40,0
307925,1915.8020,N,9936.8623,W,0,2620.40,0
307951,1915.8020,N,9936.8623,W,0,2620.40,0
307977,1915.8020,N,9936.8623,W,0,2620.40,0
308003,1915.8020,N,9936.8623,W,0,2620.40,0
308029,1915.8020,N,9936.8623,W,0,2620.40,0
308055,1915.8020,N,9936.8623,W,0,2620.40,0
308081,1915.8020,N,9936.8623,W,0,2620.40,0
308107,1915.8020,N,9936.8623,W,0,2620.40,0
308133,1915.8020,N,9936.8623,W,0,2620.40,0
308159,1915.8020,N,9936.8623,W,0,2620.40,0
308185,1915.8020,N,9936.8623,W,0,2620.40,0
308211,1915.8020,N,9936.8623,W,0,2620.40,0
308237,1915.8020,N,9936.8623,W,0,2620.40,0
308261,1915.8020,N,9936.8623,W,0,2620.40,0
308289,1915.8020,N,9936.8623,W,0,2620.40,0
308315,1915.8020,N,9936.8623,W,0,2620.40,0
308341,1915.8020,N,9936.8623,W,0,2620.40,0
308367,1915.8020,N,9936.8623,W,0,2620.40,0
308393,1915.8020,N,9936.8623,W,0,2620.40,0
308419,1915.8020,N,9936.8623,W,0,2620.40,0
308445,1915.8020,N,9936.8623,W,0,2620.40,0
308471,1915.8020,N,9936.8623,W,0,2620.40,0
308497,1915.8020,N,9936.8623,W,0,2620.40,0
308523,1915.8020,N,9936.8623,W,0,2620.40,0
308549,1915.8020,N,9936.8623,W,0,2620.40,0
308574,1915.8021,N,9936.8613,W,0,2620.40,0
308601,1915.8021,N,9936.8613,W,0,2620.40,0
308627,1915.8021,N,9936.8613,W,0,2620.40,0
308653,1915.8021,N,9936.8613,W,0,2620.40,0
308679,1915.8021,N,9936.8613,W,0,2620.40,0
308705,1915.8021,N,9936.8613,W,0,2620.30,0
308731,1915.8021,N,9936.8613,W,0,2620.30,0
308757,1915.8021,N,9936.8613,W,0,2620.30,0
308783,1915.8021,N,9936.8613,W,0,2620.30,0
308809,1915.8021,N,9936.8613,W,0,2620.30,0
308835,1915.8021,N,9936.8613,W,0,2620.30,0
308859,1915.8021,N,9936.8613,W,0,2620.30,0
308887,1915.8021,N,9936.8613,W,0,2620.30,0
308913,1915.8021,N,9936.8613,W,0,2620.30,0
308939,1915.8021,N,9936.8613,W,0,2620.30,0
308965,1915.8021,N,9936.8613,W,0,2620.30,0
308991,1915.8021,N,9936.8613,W,0,2620.30,0
309017,1915.8021,N,9936.8613,W,0,2620.30,0
309043,1915.8021,N,9936.8613,W,0,2620.30,0
309069,1915.8021,N,9936.8613,W,0,2620.30,0
309095,1915.8021,N,9936.8613,W,0,2620.30,0
309121,1915.8021,N,9936.8613,W,0,2620.30,0
309147,1915.8021,N,9936.8613,W,0,2620.30,0
309171,1915.8021,N,9936.8613,W,0,2620.30,0
309199,1915.8021,N,9936.8613,W,0,2620.30,0
309225,1915.8021,N,9936.8613,W,0,2620.30,0
309251,1915.8021,N,9936.8613,W,0,2620.30,0
309277,1915.8021,N,9936.8613,W,0,2620.30,0
309303,1915.8021,N,9936.8613,W,0,2620.30,0
309329,1915.8021,N,9936.8613,W,0,2620.30,0
309356,1915.8021,N,9936.8613,W,0,2620.30,0
309381,1915.8021,N,9936.8613,W,0,2620.30,0
309407,1915.8021,N,9936.8613,W,0,2620.30,0
309433,1915.8021,N,9936.8613,W,0,2620.30,0
309459,1915.8021,N,9936.8613,W,0,2620.30,0
309483,1915.8021,N,9936.8613,W,0,2620.30,0
309511,1915.8021,N,9936.8613,W,0,2620.30,0
309537,1915.8021,N,9936.8613,W,0,2620.30,0
309563,1915.8024,N,9936.8613,W,0,2620.30,0
309589,1915.8024,N,9936.8613,W,0,2620.30,0
309615,1915.8024,N,9936.8613,W,0,2620.30,0
309641,1915.8024,N,9936.8613,W,0,2620.30,0
309667,1915.8024,N,9936.8613,W,0,2620.30,0
309693,1915.8024,N,9936.8613,W,0,2620.20,0
309719,1915.8024,N,9936.8613,W,0,2620.20,0
309745,1915.8024,N,9936.8613,W,0,2620.20,0
309771,1915.8024,N,9936.8613,W,0,2620.20,0
309797,1915.8024,N,9936.8613,W,0,2620.20,0
309823,1915.8024,N,9936.8613,W,0,2620.20,0
309849,1915.8024,N,9936.8613,W,0,2620.20,0
309875,1915.8024,N,9936.8613,W,0,2620.20,0
309901,1915.8024,N,9936.8613,W,0,2620.20,0
309927,1915.8024,N,9936.8613,W,0,2620.20,0
309954,1915.8024,N,9936.8613,W,0,2620.20,0
309979,1915.8024,N,9936.8613,W,0,2620.20,0
310005,1915.8024,N,9936.8613,W,0,2620.20,0
310031,1915.8024,N,9936.8613,W,0,2620.20,0
310057,1915.8024,N,9936.8613,W,0,2620.20,0
310083,1915.8024,N,9936.8613,W,0,2620.20,0
310109,1915.8024,N,9936.8613,W,0,2620.20,0
310135,1915.8024,N,9936.8613,W,0,2620.20,0
310161,1915.8024,N,9936.8613,W,0,2620.20,0
310187,1915.8024,N,9936.8613,W,0,2620.20,0
310213,1915.8024,N,9936.8613,W,0,2620.20,0
310239,1915.8024,N,9936.8613,W,0,2620.20,0
310265,1915.8024,N,9936.8613,W,0,2620.20,0
310291,1915.8024,N,9936.8613,W,0,2620.20,0
310317,1915.8024,N,9936.8613,W,0,2620.20,0
310343,1915.8024,N,9936.8613,W,0,2620.20,0
310369,1915.8024,N,9936.8613,W,0,2620.20,0
310395,1915.8024,N,9936.8613,W,0,2620.20,0
310421,1915.8024,N,9936.8613,W,0,2620.20,0
310448,1915.8024,N,9936.8613,W,0,2620.20,0
310473,1915.8024,N,9936.8613,W,0,2620.20,0
310499,1915.8024,N,9936.8613,W,0,2620.20,0
310525,1915.8024,N,9936.8613,W,0,2620.20,0
310551,1915.8024,N,9936.8613,W,0,2620.20,0
310578,1915.8026,N,9936.8613,W,0,2620.20,0
310603,1915.8026,N,9936.8613,W,0,2620.20,0
310629,1915.8026,N,9936.8613,W,0,2620.20,0
310655,1915.8026,N,9936.8613,W,0,2620.20,0
310680,1915.8026,N,9936.8613,W,0,2620.20,0
310707,1915.8026,N,9936.8613,W,0,2620.00,0
310733,1915.8026,N,9936.8613,W,0,2620.00,0
310759,1915.8026,N,9936.8613,W,0,2620.00,0
310785,1915.8026,N,9936.8613,W,0,2620.00,0
310811,1915.8026,N,9936.8613,W,0,2620.00,0
310837,1915.8026,N,9936.8613,W,0,2620.00,0
310863,1915.8026,N,9936.8613,W,0,2620.00,0
310890,1915.8026,N,9936.8613,W,0,2620.00,0
310915,1915.8026,N,9936.8613,W,0,2620.00,0
310941,1915.8026,N,9936.8613,W,0,2620.00,0
310967,1915.8026,N,9936.8613,W,0,2620.00,0
310993,1915.8026,N,9936.8613,W,0,2620.00,0
311019,1915.8026,N,9936.8613,W,0,2620.00,0
311045,1915.8026,N,9936.8613,W,0,2620.00,0
311071,1915.8026,N,9936.8613,W,0,2620.00,0
311097,1915.8026,N,9936.8613,W,0,2620.00,0
311123,1915.8026,N,9936.8613,W,0,2620.00,0
311149,1915.8026,N,9936.8613,W,0,2620.00,0
311175,1915.8026,N,9936.8613,W,0,2620.00,0
311201,1915.8026,N,9936.8613,W,0,2620.00,0
311227,1915.8026,N,9936.8613,W,0,2620.00,0
311253,1915.8026,N,9936.8613,W,0,2620.00,0
311279,1915.8026,N,9936.8613,W,0,2620.00,0
311305,1915.8026,N,9936.8613,W,0,2620.00,0
311331,1915.8026,N,9936.8613,W,0,2620.00,0
311357,1915.8026,N,9936.8613,W,0,2620.00,0
311383,1915.8026,N,9936.8613,W,0,2620.00,0
311409,1915.8026,N,9936.8613,W,0,2620.00,0
311435,1915.8026,N,9936.8613,W,0,2620.00,0
311461,1915.8026,N,9936.8613,W,0,2620.00,0
311487,1915.8026,N,9936.8613,W,0,2620.00,0
311513,1915.8026,N,9936.8613,W,0,2620.00,0
311539,1915.8026,N,9936.8613,W,0,2620.00,0
311565,1915.8026,N,9936.8613,W,0,2620.00,0
311589,1915.8026,N,9936.8613,W,0,2620.00,0
311617,1915.8026,N,9936.8613,W,0,2620.00,0
311643,1915.8026,N,9936.8613,W,0,2620.00,0
311670,1915.8026,N,9936.8613,W,0,2620.00,0
311695,1915.8026,N,9936.8613,W,0,2620.10,0
311721,1915.8026,N,9936.8613,W,0,2620.10,0
311747,1915.8026,N,9936.8613,W,0,2620.10,0
311793,1915.8026,N,9936.8613,W,0,2620.10,0
312015,1915.8026,N,9936.8613,W,0,2620.10,0
312090,1915.8026,N,9936.8613,W,0,2620.10,0
312117,1915.8026,N,9936.8613,W,0,2620.10,0
312143,1915.8026,N,9936.8613,W,0,2620.10,0
312169,1915.8026,N,9936.8613,W,0,2620.10,0
312195,1915.8026,N,9936.8613,W,0,2620.10,0
312221,1915.8026,N,9936.8613,W,0,2620.10,0
312247,1915.8026,N,9936.8613,W,0,2620.10,0
312273,1915.8026,N,9936.8613,W,0,2620.10,0
312299,1915.8026,N,9936.8613,W,0,2620.10,0
312325,1915.8026,N,9936.8613,W,0,2620.10,0
312351,1915.8026,N,9936.8613,W,0,2620.10,0
312377,1915.8026,N,9936.8613,W,0,2620.10,0
312403,1915.8026,N,9936.8613,W,0,2620.10,0
312429,1915.8026,N,9936.8613,W,0,2620.10,0
312455,1915.8026,N,9936.8613,W,0,2620.10,0
312481,1915.8026,N,9936.8613,W,0,2620.10,0
312507,1915.8026,N,9936.8613,W,0,2620.10,0
312533,1915.8026,N,9936.8613,W,0,2620.10,0
312559,1915.8026,N,9936.8613,W,0,2620.10,0
312585,1915.8026,N,9936.8613,W,0,2620.10,0
312611,1915.8026,N,9936.8613,W,0,2620.10,0
312637,1915.8026,N,9936.8613,W,0,2620.10,0
312663,1915.8026,N,9936.8613,W,0,2620.10,0
312689,1915.8026,N,9936.8613,W,0,2620.10,0
312715,1915.8026,N,9936.8613,W,0,2620.10,0
312741,1915.8026,N,9936.8613,W,0,2620.10,0
312767,1915.8026,N,9936.8613,W,0,2620.10,0
312793,1915.8026,N,9936.8613,W,0,2620.10,0
312819,1915.8026,N,9936.8613,W,0,2620.10,0
312845,1915.8026,N,9936.8613,W,0,2619.90,0
312871,1915.8026,N,9936.8613,W,0,2619.90,0
312897,1915.8026,N,9936.8613,W,0,2619.90,0
312923,1915.8026,N,9936.8613,W,0,2619.90,0
312950,1915.8026,N,9936.8613,W,0,2619.90,0
312975,1915.8026,N,9936.8613,W,0,2619.90,0
313001,1915.8026,N,9936.8613,W,0,2619.90,0
313027,1915.8026,N,9936.8613,W,0,2619.90,0
313053,1915.8026,N,9936.8613,W,0,2619.90,0
313079,1915.8026,N,9936.8613,W,0,2619.90,0
313105,1915.8026,N,9936.8613,W,0,2619.90,0
313131,1915.8026,N,9936.8613,W,0,2619.90,0
313157,1915.8026,N,9936.8613,W,0,2619.90,0
313183,1915.8026,N,9936.8613,W,0,2619.90,0
313209,1915.8026,N,9936.8613,W,0,2619.90,0
313235,1915.8026,N,9936.8613,W,0,2619.90,0
313261,1915.8026,N,9936.8613,W,0,2619.90,0
313287,1915.8026,N,9936.8613,W,0,2619.90,0
313313,1915.8026,N,9936.8613,W,0,2619.90,0
313340,1915.8026,N,9936.8613,W,0,2619.90,0
313363,1915.8026,N,9936.8613,W,0,2619.90,0
313391,1915.8026,N,9936.8613,W,0,2619.90,0
313417,1915.8026,N,9936.8613,W,0,2619.90,0
313444,1915.8026,N,9936.8613,W,0,2619.90,0
313469,1915.8026,N,9936.8613,W,0,2619.90,0
313495,1915.8026,N,9936.8613,W,0,2619.90,0
313521,1915.8026,N,9936.8613,W,0,2619.90,0
313547,1915.8026,N,9936.8613,W,0,2619.90,0
313573,1915.8029,N,9936.8613,W,0,2619.90,0
313599,1915.8029,N,9936.8613,W,0,2619.90,0
313625,1915.8029,N,9936.8613,W,0,2619.90,0
313651,1915.8029,N,9936.8613,W,0,2619.90,0
313675,1915.8029,N,9936.8613,W,0,2619.90,0
313703,1915.8029,N,9936.8613,W,0,2619.30,0
313729,1915.8029,N,9936.8613,W,0,2619.30,0
313755,1915.8029,N,9936.8613,W,0,2619.30,0
313781,1915.8029,N,9936.8613,W,0,2619.30,0
313807,1915.8029,N,9936.8613,W,0,2619.30,0
313833,1915.8029,N,9936.8613,W,0,2619.30,0
313859,1915.8029,N,9936.8613,W,0,2619.30,0
313885,1915.8029,N,9936.8613,W,0,2619.30,0
313911,1915.8029,N,9936.8613,W,0,2619.30,0
313937,1915.8029,N,9936.8613,W,0,2619.30,0
313963,1915.8029,N,9936.8613,W,0,2619.30,0
313989,1915.8029,N,9936.8613,W,0,2619.30,0
314015,1915.8029,N,9936.8613,W,0,2619.30,0
314041,1915.8029,N,9936.8613,W,0,2619.30,0
314067,1915.8029,N,9936.8613,W,0,2619.30,0
314093,1915.8029,N,9936.8613,W,0,2619.30,0
314119,1915.8029,N,9936.8613,W,0,2619.30,0
314145,1915.8029,N,9936.8613,W,0,2619.30,0
314171,1915.8029,N,9936.8613,W,0,2619.30,0
314197,1915.8029,N,9936.8613,W,0,2619.30,0
314223,1915.8029,N,9936.8613,W,0,2619.30,0
314249,1915.8029,N,9936.8613,W,0,2619.30,0
314273,1915.8029,N,9936.8613,W,0,2619.30,0
314301,1915.8029,N,9936.8613,W,0,2619.30,0
314327,1915.8029,N,9936.8613,W,0,2619.30,0
314353,1915.8029,N,9936.8613,W,0,2619.30,0
314379,1915.8029,N,9936.8613,W,0,2619.30,0
314405,1915.8029,N,9936.8613,W,0,2619.30,0
314431,1915.8029,N,9936.8613,W,0,2619.30,0
314457,1915.8029,N,9936.8613,W,0,2619.30,0
314483,1915.8029,N,9936.8613,W,0,2619.30,0
314509,1915.8029,N,9936.8613,W,0,2619.30,0
314535,1915.8029,N,9936.8613,W,0,2619.30,0
314561,1915.8029,N,9936.8613,W,0,2619.30,0
314585,1915.8030,N,9936.8613,W,0,2619.30,0
314613,1915.8030,N,9936.8613,W,0,2619.30,0
314639,1915.8030,N,9936.8613,W,0,2619.30,0
314665,1915.8030,N,9936.8613,W,0,2619.30,0
314691,1915.8030,N,9936.8613,W,0,2619.30,0
314717,1915.8030,N,9936.8613,W,0,2619.00,0
314743,1915.8030,N,9936.8613,W,0,2619.00,0
314769,1915.8030,N,9936.8613,W,0,2619.00,0
314795,1915.8030,N,9936.8613,W,0,2619.00,0
314821,1915.8030,N,9936.8613,W,0,2619.00,0
314847,1915.8030,N,9936.8613,W,0,2619.00,0
314873,1915.8030,N,9936.8613,W,0,2619.00,0
314899,1915.8030,N,9936.8613,W,0,2619.00,0
314925,1915.8030,N,9936.8613,W,0,2619.00,0
314951,1915.8030,N,9936.8613,W,0,2619.00,0
314977,1915.8030,N,9936.8613,W,0,2619.00,0
315003,1915.8030,N,9936.8613,W,0,2619.00,0
315029,1915.8030,N,9936.8613,W,0,2619.00,0
315055,1915.8030,N,9936.8613,W,0,2619.00,0
315081,1915.8030,N,9936.8613,W,0,2619.00,0
315107,1915.8030,N,9936.8613,W,0,2619.00,0
315133,1915.8030,N,9936.8613,W,0,2619.00,0
315159,1915.8030,N,9936.8613,W,0,2619.00,0
315185,1915.8030,N,9936.8613,W,0,2619.00,0
315211,1915.8030,N,9936.8613,W,0,2619.00,0
315237,1915.8030,N,9936.8613,W,0,2619.00,0
315263,1915.8030,N,9936.8613,W,0,2619.00,0
315289,1915.8030,N,9936.8613,W,0,2619.00,0
315315,1915.8030,N,9936.8613,W,0,2619.00,0
315342,1915.8030,N,9936.8613,W,0,2619.00,0
315367,1915.8030,N,9936.8613,W,0,2619.00,0
315393,1915.8030,N,9936.8613,W,0,2619.00,0
315419,1915.8030,N,9936.8613,W,0,2619.00,0
315445,1915.8030,N,9936.8613,W,0,2619.00,0
315472,1915.8030,N,9936.8613,W,0,2619.00,0
315497,1915.8030,N,9936.8613,W,0,2619.00,0
315523,1915.8030,N,9936.8613,W,0,2619.00,0
315549,1915.8030,N,9936.8613,W,0,2619.00,0
315575,1915.8032,N,9936.8613,W,0,2619.00,0
315601,1915.8032,N,9936.8613,W,0,2619.00,0
315627,1915.8032,N,9936.8613,W,0,2619.00,0
315653,1915.8032,N,9936.8613,W,0,2619.00,0
315679,1915.8032,N,9936.8613,W,0,2619.00,0
315705,1915.8032,N,9936.8613,W,0,2618.50,0
315731,1915.8032,N,9936.8613,W,0,2618.50,0
315757,1915.8032,N,9936.8613,W,0,2618.50,0
315782,1915.8032,N,9936.8613,W,0,2618.50,0
315809,1915.8032,N,9936.8613,W,0,2618.50,0
315835,1915.8032,N,9936.8613,W,0,2618.50,0
315861,1915.8032,N,9936.8613,W,0,2618.50,0
315887,1915.8032,N,9936.8613,W,0,2618.50,0
315913,1915.8032,N,9936.8613,W,0,2618.50,0
315939,1915.8032,N,9936.8613,W,0,2618.50,0
315965,1915.8032,N,9936.8613,W,0,2618.50,0
315991,1915.8032,N,9936.8613,W,0,2618.50,0
316017,1915.8032,N,9936.8613,W,0,2618.50,0
316043,1915.8032,N,9936.8613,W,0,2618.50,0
316069,1915.8032,N,9936.8613,W,0,2618.50,0
316093,1915.8032,N,9936.8613,W,0,2618.50,0
316121,1915.8032,N,9936.8613,W,0,2618.50,0
316147,1915.8032,N,9936.8613,W,0,2618.50,0
316173,1915.8032,N,9936.8613,W,0,2618.50,0
316199,1915.8032,N,9936.8613,W,0,2618.50,0
316225,1915.8032,N,9936.8613,W,0,2618.50,0
316251,1915.8032,N,9936.8613,W,0,2618.50,0
316277,1915.8032,N,9936.8613,W,0,2618.50,0
316303,1915.8032,N,9936.8613,W,0,2618.50,0
316329,1915.8032,N,9936.8613,W,0,2618.50,0
316355,1915.8032,N,9936.8613,W,0,2618.50,0
316381,1915.8032,N,9936.8613,W,0,2618.50,0
316405,1915.8032,N,9936.8613,W,0,2618.50,0
316433,1915.8032,N,9936.8613,W,0,2618.50,0
316459,1915.8032,N,9936.8613,W,0,2618.50,0
316486,1915.8032,N,9936.8613,W,0,2618.50,0
316512,1915.8032,N,9936.8613,W,0,2618.50,0
316537,1915.8032,N,9936.8613,W,0,2618.50,0
316563,1915.8033,N,9936.8613,W,0,2618.50,0
316589,1915.8033,N,9936.8613,W,0,2618.50,0
316615,1915.8033,N,9936.8613,W,0,2618.50,0
316641,1915.8033,N,9936.8613,W,0,2618.50,0
316667,1915.8033,N,9936.8613,W,0,2618.50,0
316691,1915.8033,N,9936.8613,W,0,2618.30,0
316719,1915.8033,N,9936.8613,W,0,2618.30,0
316745,1915.8033,N,9936.8613,W,0,2618.30,0
316771,1915.8033,N,9936.8613,W,0,2618.30,0
316797,1915.8033,N,9936.8613,W,0,2618.30,0
316824,1915.8033,N,9936.8613,W,0,2618.30,0
316849,1915.8033,N,9936.8613,W,0,2618.30,0
316875,1915.8033,N,9936.8613,W,0,2618.30,0
316901,1915.8033,N,9936.8613,W,0,2618.30,0
316927,1915.8033,N,9936.8613,W,0,2618.30,0
316953,1915.8033,N,9936.8613,W,0,2618.30,0
316979,1915.8033,N,9936.8613,W,0,2618.30,0
317005,1915.8033,N,9936.8613,W,0,2618.30,0
317031,1915.8033,N,9936.8613,W,0,2618.30,0
317057,1915.8033,N,9936.8613,W,0,2618.30,0
317083,1915.8033,N,9936.8613,W,0,2618.30,0
317109,1915.8033,N,9936.8613,W,0,2618.30,0
317135,1915.8033,N,9936.8613,W,0,2618.30,0
317161,1915.8033,N,9936.8613,W,0,2618.30,0
317187,1915.8033,N,9936.8613,W,0,2618.30,0
317213,1915.8033,N,9936.8613,W,0,2618.30,0
317239,1915.8033,N,9936.8613,W,0,2618.30,0
317265,1915.8033,N,9936.8613,W,0,2618.30,0
317291,1915.8033,N,9936.8613,W,0,2618.30,0
317317,1915.8033,N,9936.8613,W,0,2618.30,0
317343,1915.8033,N,9936.8613,W,0,2618.30,0
317369,1915.8033,N,9936.8613,W,0,2618.30,0
317395,1915.8033,N,9936.8613,W,0,2618.30,0
317422,1915.8033,N,9936.8613,W,0,2618.30,0
317447,1915.8033,N,9936.8613,W,0,2618.30,0
317473,1915.8033,N,9936.8613,W,0,2618.30,0
317499,1915.8033,N,9936.8613,W,0,2618.30,0
317525,1915.8033,N,9936.8613,W,0,2618.30,0
317551,1915.8033,N,9936.8613,W,0,2618.30,0
317577,1915.8033,N,9936.8613,W,0,2618.30,0
317607,1915.8033,N,9936.8613,W,0,2618.30,0
317632,1915.8033,N,9936.8613,W,0,2618.30,0
317660,1915.8033,N,9936.8613,W,0,2618.30,0
317687,1915.8033,N,9936.8613,W,0,2618.30,0
317713,1915.8033,N,9936.8613,W,0,2618.30,0
317738,1915.8033,N,9936.8613,W,0,2618.30,0
317764,1915.8033,N,9936.8613,W,0,2617.90,0
317790,1915.8033,N,9936.8613,W,0,2617.90,0
317816,1915.8033,N,9936.8613,W,0,2617.90,0
317842,1915.8033,N,9936.8613,W,0,2617.90,0
317868,1915.8033,N,9936.8613,W,0,2617.90,0
317894,1915.8033,N,9936.8613,W,0,2617.90,0
317919,1915.8033,N,9936.8613,W,0,2617.90,0
317947,1915.8033,N,9936.8613,W,0,2617.90,0
317972,1915.8033,N,9936.8613,W,0,2617.90,0
317999,1915.8033,N,9936.8613,W,0,2617.90,0
318024,1915.8033,N,9936.8613,W,0,2617.90,0
318050,1915.8033,N,9936.8613,W,0,2617.90,0
318076,1915.8033,N,9936.8613,W,0,2617.90,0
318103,1915.8033,N,9936.8613,W,0,2617.90,0
318128,1915.8033,N,9936.8613,W,0,2617.90,0
318154,1915.8033,N,9936.8613,W,0,2617.90,0
318180,1915.8033,N,9936.8613,W,0,2617.90,0
318206,1915.8033,N,9936.8613,W,0,2617.90,0
318232,1915.8033,N,9936.8613,W,0,2617.90,0
318258,1915.8033,N,9936.8613,W,0,2617.90,0
318285,1915.8033,N,9936.8613,W,0,2617.90,0
318310,1915.8033,N,9936.8613,W,0,2617.90,0
318336,1915.8033,N,9936.8613,W,0,2617.90,0
318362,1915.8033,N,9936.8613,W,0,2617.90,0
318389,1915.8033,N,9936.8613,W,0,2617.90,0
318414,1915.8033,N,9936.8613,W,0,2617.90,0
318440,1915.8033,N,9936.8613,W,0,2617.90,0
318467,1915.8033,N,9936.8613,W,0,2617.90,0
318492,1915.8033,N,9936.8613,W,0,2617.90,0
318516,1915.8033,N,9936.8613,W,0,2617.90,0
318545,1915.8033,N,9936.8613,W,0,2617.90,0
318570,1915.8033,N,9936.8613,W,0,2617.90,0
318597,1915.8033,N,9936.8613,W,0,2617.90,0
318623,1915.8033,N,9936.8613,W,0,2617.90,0
318648,1915.8033,N,9936.8613,W,0,2617.90,0
318675,1915.8033,N,9936.8613,W,0,2617.90,0
318701,1915.8033,N,9936.8613,W,0,2617.90,0
318726,1915.8033,N,9936.8613,W,0,2617.90,0
318752,1915.8033,N,9936.8613,W,0,2617.90,0
318778,1915.8033,N,9936.8613,W,0,2617.90,0
318805,1915.8032,N,9936.8613,W,0,2617.90,0
318828,1915.8032,N,9936.8613,W,0,2617.90,0
318856,1915.8032,N,9936.8613,W,0,2617.90,0
318883,1915.8032,N,9936.8613,W,0,2617.90,0
318908,1915.8032,N,9936.8613,W,0,2617.90,0
318934,1915.8032,N,9936.8613,W,0,2617.90,0
318960,1915.8032,N,9936.8613,W,0,2617.90,0
318986,1915.8032,N,9936.8613,W,0,2618.30,0
319012,1915.8032,N,9936.8613,W,0,2618.30,0
319038,1915.8032,N,9936.8613,W,0,2618.30,0
319064,1915.8032,N,9936.8613,W,0,2618.30,0
319090,1915.8032,N,9936.8613,W,0,2618.30,0
319114,1915.8032,N,9936.8613,W,0,2618.30,0
319142,1915.8032,N,9936.8613,W,0,2618.30,0
319168,1915.8032,N,9936.8613,W,0,2618.30,0
319194,1915.8032,N,9936.8613,W,0,2618.30,0
319221,1915.8032,N,9936.8613,W,0,2618.30,0
319246,1915.8032,N,9936.8613,W,0,2618.30,0
319272,1915.8032,N,9936.8613,W,0,2618.30,0
319298,1915.8032,N,9936.8613,W,0,2618.30,0
319325,1915.8032,N,9936.8613,W,0,2618.30,0
319350,1915.8032,N,9936.8613,W,0,2618.30,0
319376,1915.8032,N,9936.8613,W,0,2618.30,0
319402,1915.8032,N,9936.8613,W,0,2618.30,0
319426,1915.8032,N,9936.8613,W,0,2618.30,0
319454,1915.8032,N,9936.8613,W,0,2618.30,0
319480,1915.8032,N,9936.8613,W,0,2618.30,0
319506,1915.8032,N,9936.8613,W,0,2618.30,0
319533,1915.8032,N,9936.8613,W,0,2618.30,0
319558,1915.8032,N,9936.8613,W,0,2618.30,0
319585,1915.8032,N,9936.8613,W,0,2618.30,0
319610,1915.8032,N,9936.8613,W,0,2618.30,0
319636,1915.8032,N,9936.8613,W,0,2618.30,0
319662,1915.8032,N,9936.8613,W,0,2618.30,0
319688,1915.8032,N,9936.8613,W,0,2618.30,0
319715,1915.8032,N,9936.8613,W,0,2618.30,0
319739,1915.8032,N,9936.8613,W,0,2618.30,0
319766,1915.8032,N,9936.8613,W,0,2618.30,0
319792,1915.8032,N,9936.8613,W,0,2618.30,0
319818,1915.8032,N,9936.8613,W,0,2618.30,0
319844,1915.8032,N,9936.8613,W,0,2618.30,0
319870,1915.8032,N,9936.8613,W,0,2618.30,0
319896,1915.8032,N,9936.8613,W,0,2618.30,0
319922,1915.8032,N,9936.8613,W,0,2618.30,0
319948,1915.8032,N,9936.8613,W,0,2618.30,0
319974,1915.8032,N,9936.8613,W,0,2618.30,0
320000,1915.8032,N,9936.8613,W,0,2618.50,0
320025,1915.8032,N,9936.8613,W,0,2618.50,0
320053,1915.8032,N,9936.8613,W,0,2618.50,0
320078,1915.8032,N,9936.8613,W,0,2618.50,0
320104,1915.8032,N,9936.8613,W,0,2618.50,0
320130,1915.8032,N,9936.8613,W,0,2618.50,0
320157,1915.8032,N,9936.8613,W,0,2618.50,0
320182,1915.8032,N,9936.8613,W,0,2618.50,0
320208,1915.8032,N,9936.8613,W,0,2618.50,0
320235,1915.8032,N,9936.8613,W,0,2618.50,0
320260,1915.8032,N,9936.8613,W,0,2618.50,0
320286,1915.8032,N,9936.8613,W,0,2618.50,0
320313,1915.8032,N,9936.8613,W,0,2618.50,0
320336,1915.8032,N,9936.8613,W,0,2618.50,0
320364,1915.8032,N,9936.8613,W,0,2618.50,0
320390,1915.8032,N,9936.8613,W,0,2618.50,0
320416,1915.8032,N,9936.8613,W,0,2618.50,0
320442,1915.8032,N,9936.8613,W,0,2618.50,0
320468,1915.8032,N,9936.8613,W,0,2618.50,0
320494,1915.8032,N,9936.8613,W,0,2618.50,0
320521,1915.8032,N,9936.8613,W,0,2618.50,0
320547,1915.8032,N,9936.8613,W,0,2618.50,0
320573,1915.8032,N,9936.8613,W,0,2618.50,0
320598,1915.8032,N,9936.8613,W,0,2618.50,0
320624,1915.8032,N,9936.8613,W,0,2618.50,0
320649,1915.8032,N,9936.8613,W,0,2618.50,0
320677,1915.8032,N,9936.8613,W,0,2618.50,0
320703,1915.8032,N,9936.8613,W,0,2618.50,0
320728,1915.8032,N,9936.8613,W,0,2618.50,0
320754,1915.8032,N,9936.8613,W,0,2618.50,0
320780,1915.8032,N,9936.8613,W,0,2618.50,0
320806,1915.8033,N,9936.8613,W,0,2618.50,0
320832,1915.8033,N,9936.8613,W,0,2618.50,0
320858,1915.8033,N,9936.8613,W,0,2618.50,0
320884,1915.8033,N,9936.8613,W,0,2618.50,0
320910,1915.8033,N,9936.8613,W,0,2618.50,0
320934,1915.8033,N,9936.8613,W,0,2618.50,0
320962,1915.8033,N,9936.8613,W,0,2618.50,0
320989,1915.8033,N,9936.8613,W,0,2618.90,0
321015,1915.8033,N,9936.8613,W,0,2618.90,0
321041,1915.8033,N,9936.8613,W,0,2618.90,0
321066,1915.8033,N,9936.8613,W,0,2618.90,0
321093,1915.8033,N,9936.8613,W,0,2618.90,0
321119,1915.8033,N,9936.8613,W,0,2618.90,0
321144,1915.8033,N,9936.8613,W,0,2618.90,0
321170,1915.8033,N,9936.8613,W,0,2618.90,0
321196,1915.8033,N,9936.8613,W,0,2618.90,0
321222,1915.8033,N,9936.8613,W,0,2618.90,0
321247,1915.8033,N,9936.8613,W,0,2618.90,0
321275,1915.8033,N,9936.8613,W,0,2618.90,0
321300,1915.8033,N,9936.8613,W,0,2618.90,0
321326,1915.8033,N,9936.8613,W,0,2618.90,0
321352,1915.8033,N,9936.8613,W,0,2618.90,0
321378,1915.8033,N,9936.8613,W,0,2618.90,0
321404,1915.8033,N,9936.8613,W,0,2618.90,0
321430,1915.8033,N,9936.8613,W,0,2618.90,0
321456,1915.8033,N,9936.8613,W,0,2618.90,0
321482,1915.8033,N,9936.8613,W,0,2618.90,0
321509,1915.8033,N,9936.8613,W,0,2618.90,0
321535,1915.8033,N,9936.8613,W,0,2618.90,0
321560,1915.8033,N,9936.8613,W,0,2618.90,0
321587,1915.8033,N,9936.8613,W,0,2618.90,0
321613,1915.8033,N,9936.8613,W,0,2618.90,0
321639,1915.8033,N,9936.8613,W,0,2618.90,0
321664,1915.8033,N,9936.8613,W,0,2618.90,0
321690,1915.8033,N,9936.8613,W,0,2618.90,0
321716,1915.8033,N,9936.8613,W,0,2618.90,0
321742,1915.8033,N,9936.8613,W,0,2618.90,0
321768,1915.8033,N,9936.8613,W,0,2618.90,0
321794,1915.8033,N,9936.8613,W,0,2618.90,0
321820,1915.8033,N,9936.8613,W,0,2618.90,0
321844,1915.8033,N,9936.8613,W,0,2618.90,0
321872,1915.8033,N,9936.8613,W,0,2618.90,0
321898,1915.8033,N,9936.8613,W,0,2618.90,0
321924,1915.8033,N,9936.8613,W,0,2618.90,0
321950,1915.8033,N,9936.8613,W,0,2619.20,0
321976,1915.8033,N,9936.8613,W,0,2619.20,0
322002,1915.8033,N,9936.8613,W,0,2619.20,0
322028,1915.8033,N,9936.8613,W,0,2619.20,0
322054,1915.8033,N,9936.8613,W,0,2619.20,0
322080,1915.8033,N,9936.8613,W,0,2619.20,0
322106,1915.8033,N,9936.8613,W,0,2619.20,0
322132,1915.8033,N,9936.8613,W,0,2619.20,0
322156,1915.8033,N,9936.8613,W,0,2619.20,0
322184,1915.8033,N,9936.8613,W,0,2619.20,0
322211,1915.8033,N,9936.8613,W,0,2619.20,0
322236,1915.8033,N,9936.8613,W,0,2619.20,0
322262,1915.8033,N,9936.8613,W,0,2619.20,0
322289,1915.8033,N,9936.8613,W,0,2619.20,0
322314,1915.8033,N,9936.8613,W,0,2619.20,0
322340,1915.8033,N,9936.8613,W,0,2619.20,0
322367,1915.8033,N,9936.8613,W,0,2619.20,0
322393,1915.8033,N,9936.8613,W,0,2619.20,0
322418,1915.8033,N,9936.8613,W,0,2619.20,0
322442,1915.8033,N,9936.8613,W,0,2619.20,0
322470,1915.8033,N,9936.8613,W,0,2619.20,0
322496,1915.8033,N,9936.8613,W,0,2619.20,0
322523,1915.8033,N,9936.8613,W,0,2619.20,0
322549,1915.8033,N,9936.8613,W,0,2619.20,0
322574,1915.8033,N,9936.8613,W,0,2619.20,0
322600,1915.8033,N,9936.8613,W,0,2619.20,0
322626,1915.8033,N,9936.8613,W,0,2619.20,0
322652,1915.8033,N,9936.8613,W,0,2619.20,0
322678,1915.8033,N,9936.8613,W,0,2619.20,0
322705,1915.8033,N,9936.8613,W,0,2619.20,0
322731,1915.8033,N,9936.8613,W,0,2619.20,0
322754,1915.8033,N,9936.8613,W,0,2619.20,0
322782,1915.8033,N,9936.8613,W,0,2619.20,0
322808,1915.8033,N,9936.8613,W,0,2619.20,0
322834,1915.8033,N,9936.8613,W,0,2619.20,0
322860,1915.8033,N,9936.8613,W,0,2619.20,0
322886,1915.8033,N,9936.8613,W,0,2619.20,0
322913,1915.8033,N,9936.8613,W,0,2619.20,0
322939,1915.8033,N,9936.8613,W,0,2619.20,0
322965,1915.8033,N,9936.8613,W,0,2619.40,0
322990,1915.8033,N,9936.8613,W,0,2619.40,0
323016,1915.8033,N,9936.8613,W,0,2619.40,0
323042,1915.8033,N,9936.8613,W,0,2619.40,0
323067,1915.8033,N,9936.8613,W,0,2619.40,0
323094,1915.8033,N,9936.8613,W,0,2619.40,0
323120,1915.8033,N,9936.8613,W,0,2619.40,0
323146,1915.8033,N,9936.8613,W,0,2619.40,0
323172,1915.8033,N,9936.8613,W,0,2619.40,0
323199,1915.8033,N,9936.8613,W,0,2619.40,0
323225,1915.8033,N,9936.8613,W,0,2619.40,0
323251,1915.8033,N,9936.8613,W,0,2619.40,0
323277,1915.8033,N,9936.8613,W,0,2619.40,0
323302,1915.8033,N,9936.8613,W,0,2619.40,0
323328,1915.8033,N,9936.8613,W,0,2619.40,0
323352,1915.8033,N,9936.8613,W,0,2619.40,0
323380,1915.8033,N,9936.8613,W,0,2619.40,0
323406,1915.8033,N,9936.8613,W,0,2619.40,0
323432,1915.8033,N,9936.8613,W,0,2619.40,0
323459,1915.8033,N,9936.8613,W,0,2619.40,0
323485,1915.8033,N,9936.8613,W,0,2619.40,0
323511,1915.8033,N,9936.8613,W,0,2619.40,0
323537,1915.8033,N,9936.8613,W,0,2619.40,0
323562,1915.8033,N,9936.8613,W,0,2619.40,0
323588,1915.8033,N,9936.8613,W,0,2619.40,0
323614,1915.8033,N,9936.8613,W,0,2619.40,0
323640,1915.8033,N,9936.8613,W,0,2619.40,0
323665,1915.8033,N,9936.8613,W,0,2619.40,0
323693,1915.8033,N,9936.8613,W,0,2619.40,0
323718,1915.8033,N,9936.8613,W,0,2619.40,0
323744,1915.8033,N,9936.8613,W,0,2619.40,0
323770,1915.8033,N,9936.8613,W,0,2619.40,0
323796,1915.8033,N,9936.8613,W,0,2619.40,0
323822,1915.8033,N,9936.8613,W,0,2619.40,0
323848,1915.8033,N,9936.8613,W,0,2619.40,0
323874,1915.8033,N,9936.8613,W,0,2619.40,0
323900,1915.8033,N,9936.8613,W,0,2619.40,0
323926,1915.8033,N,9936.8613,W,0,2619.40,0
323952,1915.8033,N,9936.8613,W,0,2619.40,0
323977,1915.8033,N,9936.8613,W,0,2619.40,0
324005,1915.8033,N,9936.8613,W,0,2619.60,0
324030,1915.8033,N,9936.8613,W,0,2619.60,0
324057,1915.8033,N,9936.8613,W,0,2619.60,0
324082,1915.8033,N,9936.8613,W,0,2619.60,0
324108,1915.8033,N,9936.8613,W,0,2619.60,0
324134,1915.8033,N,9936.8613,W,0,2619.60,0
324160,1915.8033,N,9936.8613,W,0,2619.60,0
324186,1915.8033,N,9936.8613,W,0,2619.60,0
324212,1915.8033,N,9936.8613,W,0,2619.60,0
324238,1915.8033,N,9936.8613,W,0,2619.60,0
324263,1915.8033,N,9936.8613,W,0,2619.60,0
324290,1915.8033,N,9936.8613,W,0,2619.60,0
324316,1915.8033,N,9936.8613,W,0,2619.60,0
324342,1915.8033,N,9936.8613,W,0,2619.60,0
324368,1915.8033,N,9936.8613,W,0,2619.60,0
324395,1915.8033,N,9936.8613,W,0,2619.60,0
324421,1915.8033,N,9936.8613,W,0,2619.60,0
324446,1915.8033,N,9936.8613,W,0,2619.60,0
324472,1915.8033,N,9936.8613,W,0,2619.60,0
324498,1915.8033,N,9936.8613,W,0,2619.60,0
324524,1915.8033,N,9936.8613,W,0,2619.60,0
324550,1915.8033,N,9936.8613,W,0,2619.60,0
324575,1915.8033,N,9936.8613,W,0,2619.60,0
324603,1915.8033,N,9936.8613,W,0,2619.60,0
324629,1915.8033,N,9936.8613,W,0,2619.60,0
324655,1915.8033,N,9936.8613,W,0,2619.60,0
324680,1915.8033,N,9936.8613,W,0,2619.60,0
324706,1915.8033,N,9936.8613,W,0,2619.60,0
324732,1915.8033,N,9936.8613,W,0,2619.60,0
324758,1915.8033,N,9936.8613,W,0,2619.60,0
324784,1915.8033,N,9936.8613,W,0,2619.60,0
324810,1915.8033,N,9936.8613,W,0,2619.60,0
324836,1915.8033,N,9936.8613,W,0,2619.60,0
324862,1915.8033,N,9936.8613,W,0,2619.60,0
324889,1915.8033,N,9936.8613,W,0,2619.60,0
324914,1915.8033,N,9936.8613,W,0,2619.60,0
324940,1915.8033,N,9936.8613,W,0,2619.60,0
324967,1915.8033,N,9936.8613,W,0,2619.70,0
324992,1915.8033,N,9936.8613,W,0,2619.70,0
325018,1915.8033,N,9936.8613,W,0,2619.70,0
325044,1915.8033,N,9936.8613,W,0,2619.70,0
325071,1915.8033,N,9936.8613,W,0,2619.70,0
325096,1915.8033,N,9936.8613,W,0,2619.70,0
325122,1915.8033,N,9936.8613,W,0,2619.70,0
325148,1915.8033,N,9936.8613,W,0,2619.70,0
325173,1915.8033,N,9936.8613,W,0,2619.70,0
325201,1915.8033,N,9936.8613,W,0,2619.70,0
325226,1915.8033,N,9936.8613,W,0,2619.70,0
325252,1915.8033,N,9936.8613,W,0,2619.70,0
325278,1915.8033,N,9936.8613,W,0,2619.70,0
325304,1915.8033,N,9936.8613,W,0,2619.70,0
325330,1915.8033,N,9936.8613,W,0,2619.70,0
325356,1915.8033,N,9936.8613,W,0,2619.70,0
325383,1915.8033,N,9936.8613,W,0,2619.70,0
325409,1915.8033,N,9936.8613,W,0,2619.70,0
325434,1915.8033,N,9936.8613,W,0,2619.70,0
325460,1915.8033,N,9936.8613,W,0,2619.70,0
325484,1915.8033,N,9936.8613,W,0,2619.70,0
325512,1915.8033,N,9936.8613,W,0,2619.70,0
325538,1915.8033,N,9936.8613,W,0,2619.70,0
325564,1915.8033,N,9936.8613,W,0,2619.70,0
325590,1915.8033,N,9936.8613,W,0,2619.70,0
325616,1915.8033,N,9936.8613,W,0,2619.70,0
325643,1915.8033,N,9936.8613,W,0,2619.70,0
325668,1915.8033,N,9936.8613,W,0,2619.70,0
325694,1915.8033,N,9936.8613,W,0,2619.70,0
325720,1915.8033,N,9936.8613,W,0,2619.70,0
325747,1915.8033,N,9936.8613,W,0,2619.70,0
325770,1915.8033,N,9936.8613,W,0,2619.70,0
325799,1915.8033,N,9936.8613,W,0,2619.70,0
325824,1915.8033,N,9936.8613,W,0,2619.70,0
325850,1915.8033,N,9936.8613,W,0,2619.70,0
325876,1915.8033,N,9936.8613,W,0,2619.70,0
325902,1915.8033,N,9936.8613,W,0,2619.70,0
325928,1915.8033,N,9936.8613,W,0,2619.70,0
325954,1915.8033,N,9936.8613,W,0,2619.70,0
325980,1915.8033,N,9936.8613,W,0,2619.70,0
326006,1915.8033,N,9936.8613,W,0,2619.70,0
326032,1915.8033,N,9936.8613,W,0,2619.70,0
326058,1915.8033,N,9936.8613,W,0,2619.70,0
326082,1915.8033,N,9936.8613,W,0,2619.70,0
326111,1915.8033,N,9936.8613,W,0,2619.70,0
326137,1915.8033,N,9936.8613,W,0,2619.70,0
326163,1915.8033,N,9936.8613,W,0,2619.70,0
326188,1915.8033,N,9936.8613,W,0,2619.70,0
326214,1915.8033,N,9936.8613,W,0,2619.70,0
326240,1915.8033,N,9936.8613,W,0,2619.70,0
326266,1915.8033,N,9936.8613,W,0,2619.70,0
326292,1915.8033,N,9936.8613,W,0,2619.70,0
326318,1915.8033,N,9936.8613,W,0,2619.70,0
326344,1915.8033,N,9936.8613,W,0,2619.70,0
326370,1915.8033,N,9936.8613,W,0,2619.70,0
326394,1915.8033,N,9936.8613,W,0,2619.70,0
326422,1915.8033,N,9936.8613,W,0,2619.70,0
326448,1915.8033,N,9936.8613,W,0,2619.70,0
326475,1915.8033,N,9936.8613,W,0,2619.70,0
326501,1915.8033,N,9936.8613,W,0,2619.70,0
326526,1915.8033,N,9936.8613,W,0,2619.70,0
326552,1915.8033,N,9936.8613,W,0,2619.70,0
326579,1915.8033,N,9936.8613,W,0,2619.70,0
326605,1915.8033,N,9936.8613,W,0,2619.70,0
326631,1915.8033,N,9936.8613,W,0,2619.70,0
326656,1915.8033,N,9936.8613,W,0,2619.70,0
326681,1915.8033,N,9936.8613,W,0,2619.70,0
326709,1915.8033,N,9936.8613,W,0,2619.70,0
326734,1915.8033,N,9936.8613,W,0,2619.70,0
326760,1915.8033,N,9936.8613,W,0,2619.70,0
326786,1915.8033,N,9936.8613,W,0,2619.70,0
326812,1915.8033,N,9936.8613,W,0,2619.70,0
326836,1915.8033,N,9936.8613,W,0,2619.70,0
326865,1915.8033,N,9936.8613,W,0,2619.70,0
326890,1915.8033,N,9936.8613,W,0,2619.70,0
326916,1915.8033,N,9936.8613,W,0,2619.70,0
326943,1915.8033,N,9936.8613,W,0,2619.70,0
326968,1915.8033,N,9936.8613,W,0,2619.70,0
326993,1915.8033,N,9936.8613,W,0,2619.70,0
327020,1915.8033,N,9936.8613,W,0,2619.70,0
327046,1915.8033,N,9936.8613,W,0,2619.70,0
327073,1915.8033,N,9936.8613,W,0,2619.70,0
327098,1915.8033,N,9936.8613,W,0,2619.70,0
327125,1915.8033,N,9936.8613,W,0,2619.70,0
327151,1915.8033,N,9936.8613,W,0,2619.70,0
327177,1915.8033,N,9936.8613,W,0,2619.70,0
327202,1915.8033,N,9936.8613,W,0,2619.70,0
327228,1915.8033,N,9936.8613,W,0,2619.70,0
327254,1915.8033,N,9936.8613,W,0,2619.70,0
327280,1915.8033,N,9936.8613,W,0,2619.70,0
327304,1915.8033,N,9936.8613,W,0,2619.70,0
327332,1915.8033,N,9936.8613,W,0,2619.70,0
327358,1915.8033,N,9936.8613,W,0,2619.70,0
327384,1915.8033,N,9936.8613,W,0,2619.70,0
327410,1915.8033,N,9936.8613,W,0,2619.70,0
327436,1915.8033,N,9936.8613,W,0,2619.70,0
327462,1915.8033,N,9936.8613,W,0,2619.70,0
327489,1915.8033,N,9936.8613,W,0,2619.70,0
327515,1915.8033,N,9936.8613,W,0,2619.70,0
327541,1915.8033,N,9936.8613,W,0,2619.70,0
327566,1915.8033,N,9936.8613,W,0,2619.70,0
327590,1915.8033,N,9936.8613,W,0,2619.70,0
327618,1915.8033,N,9936.8613,W,0,2619.70,0
327645,1915.8033,N,9936.8613,W,0,2619.70,0
327670,1915.8033,N,9936.8613,W,0,2619.70,0
327696,1915.8033,N,9936.8613,W,0,2619.70,0
327722,1915.8033,N,9936.8613,W,0,2619.70,0
327749,1915.8033,N,9936.8613,W,0,2619.70,0
327774,1915.8033,N,9936.8613,W,0,2619.70,0
327801,1915.8033,N,9936.8613,W,0,2619.70,0
327826,1915.8033,N,9936.8613,W,0,2619.70,0
327852,1915.8033,N,9936.8613,W,0,2619.70,0
327878,1915.8033,N,9936.8613,W,0,2619.70,0
327902,1915.8033,N,9936.8613,W,0,2619.70,0
327931,1915.8033,N,9936.8613,W,0,2619.70,0
327957,1915.8033,N,9936.8613,W,0,2619.70,0
327982,1915.8033,N,9936.8613,W,0,2619.80,0
328008,1915.8033,N,9936.8613,W,0,2619.80,0
328034,1915.8033,N,9936.8613,W,0,2619.80,0
328060,1915.8033,N,9936.8613,W,0,2619.80,0
328086,1915.8033,N,9936.8613,W,0,2619.80,0
328112,1915.8033,N,9936.8613,W,0,2619.80,0
328138,1915.8033,N,9936.8613,W,0,2619.80,0
328164,1915.8033,N,9936.8613,W,0,2619.80,0
328190,1915.8033,N,9936.8613,W,0,2619.80,0
328217,1915.8033,N,9936.8613,W,0,2619.80,0
328243,1915.8033,N,9936.8613,W,0,2619.80,0
328269,1915.8033,N,9936.8613,W,0,2619.80,0
328295,1915.8033,N,9936.8613,W,0,2619.80,0
328320,1915.8033,N,9936.8613,W,0,2619.80,0
328347,1915.8033,N,9936.8613,W,0,2619.80,0
328372,1915.8033,N,9936.8613,W,0,2619.80,0
328398,1915.8033,N,9936.8613,W,0,2619.80,0
328424,1915.8033,N,9936.8613,W,0,2619.80,0
328450,1915.8033,N,9936.8613,W,0,2619.80,0
328476,1915.8033,N,9936.8613,W,0,2619.80,0
328500,1915.8033,N,9936.8613,W,0,2619.80,0
328528,1915.8033,N,9936.8613,W,0,2619.80,0
328554,1915.8033,N,9936.8613,W,0,2619.80,0
328580,1915.8033,N,9936.8613,W,0,2619.80,0
328607,1915.8033,N,9936.8613,W,0,2619.80,0
328633,1915.8033,N,9936.8613,W,0,2619.80,0
328659,1915.8033,N,9936.8613,W,0,2619.80,0
328685,1915.8033,N,9936.8613,W,0,2619.80,0
328711,1915.8033,N,9936.8613,W,0,2619.80,0
328736,1915.8033,N,9936.8613,W,0,2619.80,0
328762,1915.8033,N,9936.8613,W,0,2619.80,0
328788,1915.8033,N,9936.8613,W,0,2619.80,0
328813,1915.8033,N,9936.8613,W,0,2619.80,0
328841,1915.8033,N,9936.8613,W,0,2619.80,0
328866,1915.8033,N,9936.8613,W,0,2619.80,0
328892,1915.8033,N,9936.8613,W,0,2619.80,0
328918,1915.8033,N,9936.8613,W,0,2619.80,0
328944,1915.8033,N,9936.8613,W,0,2619.80,0
328970,1915.8033,N,9936.8613,W,0,2619.80,0
328996,1915.8033,N,9936.8613,W,0,2619.90,0
329022,1915.8033,N,9936.8613,W,0,2619.90,0
329048,1915.8033,N,9936.8613,W,0,2619.90,0
329075,1915.8033,N,9936.8613,W,0,2619.90,0
329098,1915.8033,N,9936.8613,W,0,2619.90,0
329126,1915.8033,N,9936.8613,W,0,2619.90,0
329153,1915.8033,N,9936.8613,W,0,2619.90,0
329179,1915.8033,N,9936.8613,W,0,2619.90,0
329205,1915.8033,N,9936.8613,W,0,2619.90,0
329231,1915.8033,N,9936.8613,W,0,2619.90,0
329257,1915.8033,N,9936.8613,W,0,2619.90,0
329283,1915.8033,N,9936.8613,W,0,2619.90,0
329309,1915.8033,N,9936.8613,W,0,2619.90,0
329335,1915.8033,N,9936.8613,W,0,2619.90,0
329360,1915.8033,N,9936.8613,W,0,2619.90,0
329386,1915.8033,N,9936.8613,W,0,2619.90,0
329410,1915.8033,N,9936.8613,W,0,2619.90,0
329438,1915.8033,N,9936.8613,W,0,2619.90,0
329465,1915.8033,N,9936.8613,W,0,2619.90,0
329491,1915.8033,N,9936.8613,W,0,2619.90,0
329516,1915.8033,N,9936.8613,W,0,2619.90,0
329543,1915.8033,N,9936.8613,W,0,2619.90,0
329569,1915.8033,N,9936.8613,W,0,2619.90,0
329594,1915.8033,N,9936.8613,W,0,2619.90,0
329620,1915.8033,N,9936.8613,W,0,2619.90,0
329646,1915.8033,N,9936.8613,W,0,2619.90,0
329672,1915.8033,N,9936.8613,W,0,2619.90,0
329698,1915.8033,N,9936.8613,W,0,2619.90,0
329722,1915.8033,N,9936.8613,W,0,2619.90,0
329750,1915.8033,N,9936.8613,W,0,2619.90,0
329776,1915.8033,N,9936.8613,W,0,2619.90,0
329803,1915.8033,N,9936.8613,W,0,2619.90,0
329829,1915.8033,N,9936.8613,W,0,2619.90,0
329855,1915.8033,N,9936.8613,W,0,2619.90,0
329880,1915.8033,N,9936.8613,W,0,2619.90,0
329906,1915.8033,N,9936.8613,W,0,2619.90,0
329932,1915.8033,N,9936.8613,W,0,2619.90,0
329958,1915.8033,N,9936.8613,W,0,2619.90,0
329985,1915.8033,N,9936.8613,W,0,2619.90,0
330008,1915.8033,N,9936.8613,W,0,2619.90,0
330036,1915.8033,N,9936.8613,W,0,2619.90,0
330062,1915.8033,N,9936.8613,W,0,2619.90,0
330088,1915.8033,N,9936.8613,W,0,2619.90,0
330114,1915.8033,N,9936.8613,W,0,2619.90,0
330140,1915.8033,N,9936.8613,W,0,2619.90,0
330166,1915.8033,N,9936.8613,W,0,2619.90,0
330192,1915.8033,N,9936.8613,W,0,2619.90,0
330219,1915.8033,N,9936.8613,W,0,2619.90,0
330245,1915.8033,N,9936.8613,W,0,2619.90,0
330270,1915.8033,N,9936.8613,W,0,2619.90,0
330296,1915.8033,N,9936.8613,W,0,2619.90,0
330320,1915.8033,N,9936.8613,W,0,2619.90,0
330349,1915.8033,N,9936.8613,W,0,2619.90,0
330375,1915.8033,N,9936.8613,W,0,2619.90,0
330400,1915.8033,N,9936.8613,W,0,2619.90,0
330426,1915.8033,N,9936.8613,W,0,2619.90,0
330452,1915.8033,N,9936.8613,W,0,2619.90,0
330479,1915.8033,N,9936.8613,W,0,2619.90,0
330504,1915.8033,N,9936.8613,W,0,2619.90,0
330530,1915.8033,N,9936.8613,W,0,2619.90,0
330556,1915.8033,N,9936.8613,W,0,2619.90,0
330583,1915.8033,N,9936.8613,W,0,2619.90,0
330609,1915.8033,N,9936.8613,W,0,2619.90,0
330632,1915.8033,N,9936.8613,W,0,2619.90,0
330660,1915.8033,N,9936.8613,W,0,2619.90,0
330687,1915.8033,N,9936.8613,W,0,2619.90,0
330713,1915.8033,N,9936.8613,W,0,2619.90,0
330739,1915.8033,N,9936.8613,W,0,2619.90,0
330764,1915.8033,N,9936.8613,W,0,2619.90,0
330791,1915.8033,N,9936.8613,W,0,2619.90,0
330817,1915.8033,N,9936.8613,W,0,2619.90,0
